pos_code,distributor_id,segment
P000001,D001,SMALL_SUPERMARKET
P000002,D001,CASH_AND_CARRY
P000003,D001,TRADITIONAL
P000004,D001,LARGE_SUPERMARKET
P000005,D001,PHARMACY
P000006,D001,TRADITIONAL
P000007,D001,WHOLESALE
P000008,D001,LARGE_SUPERMARKET
P000009,D001,SMALL_SUPERMARKET
P000010,D001,SMALL_SUPERMARKET
P000011,D001,PHARMACY
P000012,D001,TRADITIONAL
P000013,D001,WHOLESALE
P000014,D001,SMALL_SUPERMARKET
P000015,D001,LARGE_SUPERMARKET
P000016,D001,TRADITIONAL
P000017,D001,HYPERMARKET
P000018,D001,WHOLESALE
P000019,D001,TRADITIONAL
P000020,D001,TRADITIONAL
P000021,D001,SMALL_SUPERMARKET
P000022,D001,PHARMACY
P000023,D001,CASH_AND_CARRY
P000024,D001,TRADITIONAL
P000025,D001,LARGE_SUPERMARKET
P000026,D001,SMALL_SUPERMARKET
P000027,D001,HYPERMARKET
P000028,D001,LARGE_SUPERMARKET
P000029,D001,TRADITIONAL
P000030,D001,TRADITIONAL
P000031,D001,PHARMACY
P000032,D001,SMALL_SUPERMARKET
P000033,D001,SMALL_SUPERMARKET
P000034,D001,SMALL_SUPERMARKET
P000035,D001,LARGE_SUPERMARKET
P000036,D001,LARGE_SUPERMARKET
P000037,D001,SMALL_SUPERMARKET
P000038,D001,LARGE_SUPERMARKET
P000039,D001,TRADITIONAL
P000040,D001,SMALL_SUPERMARKET
P000041,D001,WHOLESALE
P000042,D001,TRADITIONAL
P000043,D001,SMALL_SUPERMARKET
P000044,D001,WHOLESALE
P000045,D001,WHOLESALE
P000046,D001,SMALL_SUPERMARKET
P000047,D001,SMALL_SUPERMARKET
P000048,D001,TRADITIONAL
P000049,D001,LARGE_SUPERMARKET
P000050,D001,LARGE_SUPERMARKET
P000051,D001,HYPERMARKET
P000052,D001,WHOLESALE
P000053,D001,TRADITIONAL
P000054,D001,TRADITIONAL
P000055,D001,WHOLESALE
P000056,D001,SMALL_SUPERMARKET
P000057,D001,TRADITIONAL
P000058,D001,LARGE_SUPERMARKET
P000059,D001,LARGE_SUPERMARKET
P000060,D001,TRADITIONAL
P000061,D001,SMALL_SUPERMARKET
P000062,D001,TRADITIONAL
P000063,D001,TRADITIONAL
P000064,D001,TRADITIONAL
P000065,D001,TRADITIONAL
P000066,D001,TRADITIONAL
P000067,D001,SMALL_SUPERMARKET
P000068,D001,HYPERMARKET
P000069,D001,SMALL_SUPERMARKET
P000070,D001,LARGE_SUPERMARKET
P000071,D001,SMALL_SUPERMARKET
P000072,D001,CASH_AND_CARRY
P000073,D002,SMALL_SUPERMARKET
P000074,D002,HYPERMARKET
P000075,D002,SMALL_SUPERMARKET
P000076,D002,SMALL_SUPERMARKET
P000077,D002,TRADITIONAL
P000078,D002,TRADITIONAL
P000079,D002,WHOLESALE
P000080,D002,TRADITIONAL
P000081,D002,SMALL_SUPERMARKET
P000082,D002,WHOLESALE
P000083,D002,LARGE_SUPERMARKET
P000084,D002,HYPERMARKET
P000085,D002,LARGE_SUPERMARKET
P000086,D002,TRADITIONAL
P000087,D002,SMALL_SUPERMARKET
P000088,D002,LARGE_SUPERMARKET
P000089,D002,TRADITIONAL
P000090,D002,LARGE_SUPERMARKET
P000091,D002,TRADITIONAL
P000092,D002,SMALL_SUPERMARKET
P000093,D002,SMALL_SUPERMARKET
P000094,D002,SMALL_SUPERMARKET
P000095,D002,TRADITIONAL
P000096,D002,SMALL_SUPERMARKET
P000097,D002,LARGE_SUPERMARKET
P000098,D002,LARGE_SUPERMARKET
P000099,D002,PHARMACY
P000100,D002,PHARMACY
P000101,D002,TRADITIONAL
P000102,D002,SMALL_SUPERMARKET
P000103,D002,PHARMACY
P000104,D002,TRADITIONAL
P000105,D002,TRADITIONAL
P000106,D002,SMALL_SUPERMARKET
P000107,D002,SMALL_SUPERMARKET
P000108,D002,LARGE_SUPERMARKET
P000109,D002,PHARMACY
P000110,D002,SMALL_SUPERMARKET
P000111,D002,LARGE_SUPERMARKET
P000112,D002,SMALL_SUPERMARKET
P000113,D002,TRADITIONAL
P000114,D002,LARGE_SUPERMARKET
P000115,D002,CASH_AND_CARRY
P000116,D002,TRADITIONAL
P000117,D002,TRADITIONAL
P000118,D002,SMALL_SUPERMARKET
P000119,D002,TRADITIONAL
P000120,D002,TRADITIONAL
P000121,D002,TRADITIONAL
P000122,D002,LARGE_SUPERMARKET
P000123,D002,SMALL_SUPERMARKET
P000124,D002,HYPERMARKET
P000125,D002,TRADITIONAL
P000126,D002,SMALL_SUPERMARKET
P000127,D002,LARGE_SUPERMARKET
P000128,D002,LARGE_SUPERMARKET
P000129,D002,TRADITIONAL
P000130,D002,LARGE_SUPERMARKET
P000131,D002,PHARMACY
P000132,D002,TRADITIONAL
P000133,D002,SMALL_SUPERMARKET
P000134,D002,TRADITIONAL
P000135,D002,HYPERMARKET
P000136,D002,PHARMACY
P000137,D002,TRADITIONAL
P000138,D002,WHOLESALE
P000139,D002,LARGE_SUPERMARKET
P000140,D002,TRADITIONAL
P000141,D002,TRADITIONAL
P000142,D002,PHARMACY
P000143,D002,TRADITIONAL
P000144,D002,SMALL_SUPERMARKET
P000145,D002,SMALL_SUPERMARKET
P000146,D002,SMALL_SUPERMARKET
P000147,D002,TRADITIONAL
P000148,D002,SMALL_SUPERMARKET
P000149,D002,HYPERMARKET
P000150,D002,WHOLESALE
P000151,D002,CASH_AND_CARRY
P000152,D002,LARGE_SUPERMARKET
P000153,D002,TRADITIONAL
P000154,D002,LARGE_SUPERMARKET
P000155,D002,TRADITIONAL
P000156,D002,SMALL_SUPERMARKET
P000157,D002,TRADITIONAL
P000158,D002,TRADITIONAL
P000159,D002,TRADITIONAL
P000160,D002,LARGE_SUPERMARKET
P000161,D002,PHARMACY
P000162,D002,SMALL_SUPERMARKET
P000163,D002,HYPERMARKET
P000164,D002,TRADITIONAL
P000165,D002,SMALL_SUPERMARKET
P000166,D002,WHOLESALE
P000167,D002,WHOLESALE
P000168,D002,SMALL_SUPERMARKET
P000169,D002,PHARMACY
P000170,D002,SMALL_SUPERMARKET
P000171,D002,TRADITIONAL
P000172,D002,SMALL_SUPERMARKET
P000173,D002,PHARMACY
P000174,D002,LARGE_SUPERMARKET
P000175,D002,HYPERMARKET
P000176,D002,SMALL_SUPERMARKET
P000177,D002,PHARMACY
P000178,D002,CASH_AND_CARRY
P000179,D002,TRADITIONAL
P000180,D002,CASH_AND_CARRY
P000181,D002,CASH_AND_CARRY
P000182,D002,TRADITIONAL
P000183,D002,SMALL_SUPERMARKET
P000184,D002,TRADITIONAL
P000185,D002,TRADITIONAL
P000186,D002,SMALL_SUPERMARKET
P000187,D002,LARGE_SUPERMARKET
P000188,D002,TRADITIONAL
P000189,D002,SMALL_SUPERMARKET
P000190,D002,PHARMACY
P000191,D002,SMALL_SUPERMARKET
P000192,D002,LARGE_SUPERMARKET
P000193,D002,WHOLESALE
P000194,D002,LARGE_SUPERMARKET
P000195,D002,LARGE_SUPERMARKET
P000196,D002,TRADITIONAL
P000197,D002,CASH_AND_CARRY
P000198,D002,LARGE_SUPERMARKET
P000199,D002,SMALL_SUPERMARKET
P000200,D002,TRADITIONAL
P000201,D002,PHARMACY
P000202,D002,TRADITIONAL
P000203,D002,LARGE_SUPERMARKET
P000204,D002,HYPERMARKET
P000205,D002,LARGE_SUPERMARKET
P000206,D002,LARGE_SUPERMARKET
P000207,D002,TRADITIONAL
P000208,D002,LARGE_SUPERMARKET
P000209,D002,TRADITIONAL
P000210,D002,TRADITIONAL
P000211,D002,TRADITIONAL
P000212,D002,LARGE_SUPERMARKET
P000213,D002,WHOLESALE
P000214,D002,TRADITIONAL
P000215,D002,TRADITIONAL
P000216,D002,LARGE_SUPERMARKET
P000217,D002,LARGE_SUPERMARKET
P000218,D002,PHARMACY
P000219,D002,SMALL_SUPERMARKET
P000220,D002,SMALL_SUPERMARKET
P000221,D002,TRADITIONAL
P000222,D002,TRADITIONAL
P000223,D002,PHARMACY
P000224,D002,SMALL_SUPERMARKET
P000225,D002,PHARMACY
P000226,D002,HYPERMARKET
P000227,D002,TRADITIONAL
P000228,D002,TRADITIONAL
P000229,D002,LARGE_SUPERMARKET
P000230,D002,LARGE_SUPERMARKET
P000231,D002,SMALL_SUPERMARKET
P000232,D002,PHARMACY
P000233,D002,TRADITIONAL
P000234,D002,PHARMACY
P000235,D002,WHOLESALE
P000236,D002,SMALL_SUPERMARKET
P000237,D002,WHOLESALE
P000238,D002,HYPERMARKET
P000239,D002,LARGE_SUPERMARKET
P000240,D002,WHOLESALE
P000241,D002,WHOLESALE
P000242,D002,SMALL_SUPERMARKET
P000243,D002,TRADITIONAL
P000244,D002,TRADITIONAL
P000245,D002,CASH_AND_CARRY
P000246,D002,TRADITIONAL
P000247,D002,SMALL_SUPERMARKET
P000248,D002,SMALL_SUPERMARKET
P000249,D002,SMALL_SUPERMARKET
P000250,D002,TRADITIONAL
P000251,D002,CASH_AND_CARRY
P000252,D002,SMALL_SUPERMARKET
P000253,D002,SMALL_SUPERMARKET
P000254,D002,SMALL_SUPERMARKET
P000255,D002,TRADITIONAL
P000256,D002,WHOLESALE
P000257,D002,LARGE_SUPERMARKET
P000258,D002,HYPERMARKET
P000259,D002,TRADITIONAL
P000260,D002,LARGE_SUPERMARKET
P000261,D002,WHOLESALE
P000262,D002,SMALL_SUPERMARKET
P000263,D002,LARGE_SUPERMARKET
P000264,D002,PHARMACY
P000265,D002,LARGE_SUPERMARKET
P000266,D002,SMALL_SUPERMARKET
P000267,D002,LARGE_SUPERMARKET
P000268,D002,LARGE_SUPERMARKET
P000269,D002,HYPERMARKET
P000270,D002,HYPERMARKET
P000271,D002,LARGE_SUPERMARKET
P000272,D002,HYPERMARKET
P000273,D002,TRADITIONAL
P000274,D002,TRADITIONAL
P000275,D002,SMALL_SUPERMARKET
P000276,D002,SMALL_SUPERMARKET
P000277,D002,TRADITIONAL
P000278,D002,CASH_AND_CARRY
P000279,D002,CASH_AND_CARRY
P000280,D002,HYPERMARKET
P000281,D002,LARGE_SUPERMARKET
P000282,D002,SMALL_SUPERMARKET
P000283,D002,SMALL_SUPERMARKET
P000284,D002,TRADITIONAL
P000285,D002,SMALL_SUPERMARKET
P000286,D002,HYPERMARKET
P000287,D002,SMALL_SUPERMARKET
P000288,D002,TRADITIONAL
P000289,D002,LARGE_SUPERMARKET
P000290,D002,WHOLESALE
P000291,D002,HYPERMARKET
P000292,D002,PHARMACY
P000293,D002,LARGE_SUPERMARKET
P000294,D002,WHOLESALE
P000295,D002,PHARMACY
P000296,D002,PHARMACY
P000297,D002,WHOLESALE
P000298,D002,TRADITIONAL
P000299,D002,TRADITIONAL
P000300,D002,TRADITIONAL
P000301,D002,LARGE_SUPERMARKET
P000302,D002,TRADITIONAL
P000303,D002,TRADITIONAL
P000304,D002,CASH_AND_CARRY
P000305,D002,SMALL_SUPERMARKET
P000306,D002,SMALL_SUPERMARKET
P000307,D002,TRADITIONAL
P000308,D002,SMALL_SUPERMARKET
P000309,D002,LARGE_SUPERMARKET
P000310,D002,SMALL_SUPERMARKET
P000311,D002,SMALL_SUPERMARKET
P000312,D002,SMALL_SUPERMARKET
P000313,D002,SMALL_SUPERMARKET
P000314,D002,SMALL_SUPERMARKET
P000315,D002,SMALL_SUPERMARKET
P000316,D002,SMALL_SUPERMARKET
P000317,D002,TRADITIONAL
P000318,D002,SMALL_SUPERMARKET
P000319,D002,PHARMACY
P000320,D002,PHARMACY
P000321,D002,TRADITIONAL
P000322,D002,SMALL_SUPERMARKET
P000323,D002,TRADITIONAL
P000324,D002,WHOLESALE
P000325,D002,TRADITIONAL
P000326,D002,WHOLESALE
P000327,D002,TRADITIONAL
P000328,D002,TRADITIONAL
P000329,D002,SMALL_SUPERMARKET
P000330,D002,TRADITIONAL
P000331,D002,LARGE_SUPERMARKET
P000332,D002,TRADITIONAL
P000333,D002,CASH_AND_CARRY
P000334,D002,LARGE_SUPERMARKET
P000335,D002,TRADITIONAL
P000336,D002,LARGE_SUPERMARKET
P000337,D002,TRADITIONAL
P000338,D002,LARGE_SUPERMARKET
P000339,D002,PHARMACY
P000340,D002,LARGE_SUPERMARKET
P000341,D002,PHARMACY
P000342,D002,WHOLESALE
P000343,D002,TRADITIONAL
P000344,D002,WHOLESALE
P000345,D002,WHOLESALE
P000346,D002,PHARMACY
P000347,D002,SMALL_SUPERMARKET
P000348,D002,TRADITIONAL
P000349,D002,LARGE_SUPERMARKET
P000350,D002,TRADITIONAL
P000351,D002,LARGE_SUPERMARKET
P000352,D002,TRADITIONAL
P000353,D002,TRADITIONAL
P000354,D002,SMALL_SUPERMARKET
P000355,D002,TRADITIONAL
P000356,D002,TRADITIONAL
P000357,D002,WHOLESALE
P000358,D002,TRADITIONAL
P000359,D002,TRADITIONAL
P000360,D002,PHARMACY
P000361,D002,LARGE_SUPERMARKET
P000362,D002,LARGE_SUPERMARKET
P000363,D002,LARGE_SUPERMARKET
P000364,D002,TRADITIONAL
P000365,D002,SMALL_SUPERMARKET
P000366,D002,TRADITIONAL
P000367,D002,TRADITIONAL
P000368,D002,SMALL_SUPERMARKET
P000369,D002,CASH_AND_CARRY
P000370,D002,TRADITIONAL
P000371,D002,SMALL_SUPERMARKET
P000372,D002,SMALL_SUPERMARKET
P000373,D002,SMALL_SUPERMARKET
P000374,D002,LARGE_SUPERMARKET
P000375,D002,LARGE_SUPERMARKET
P000376,D002,PHARMACY
P000377,D002,SMALL_SUPERMARKET
P000378,D002,SMALL_SUPERMARKET
P000379,D002,TRADITIONAL
P000380,D002,TRADITIONAL
P000381,D002,PHARMACY
P000382,D002,WHOLESALE
P000383,D002,SMALL_SUPERMARKET
P000384,D002,SMALL_SUPERMARKET
P000385,D002,PHARMACY
P000386,D002,TRADITIONAL
P000387,D002,PHARMACY
P000388,D002,LARGE_SUPERMARKET
P000389,D002,CASH_AND_CARRY
P000390,D002,TRADITIONAL
P000391,D003,TRADITIONAL
P000392,D003,TRADITIONAL
P000393,D003,HYPERMARKET
P000394,D003,SMALL_SUPERMARKET
P000395,D003,WHOLESALE
P000396,D003,SMALL_SUPERMARKET
P000397,D003,SMALL_SUPERMARKET
P000398,D003,SMALL_SUPERMARKET
P000399,D003,SMALL_SUPERMARKET
P000400,D003,PHARMACY
P000401,D003,WHOLESALE
P000402,D003,LARGE_SUPERMARKET
P000403,D003,PHARMACY
P000404,D003,CASH_AND_CARRY
P000405,D003,SMALL_SUPERMARKET
P000406,D003,WHOLESALE
P000407,D003,LARGE_SUPERMARKET
P000408,D003,PHARMACY
P000409,D003,TRADITIONAL
P000410,D003,TRADITIONAL
P000411,D003,LARGE_SUPERMARKET
P000412,D003,CASH_AND_CARRY
P000413,D003,HYPERMARKET
P000414,D003,SMALL_SUPERMARKET
P000415,D003,LARGE_SUPERMARKET
P000416,D003,TRADITIONAL
P000417,D003,LARGE_SUPERMARKET
P000418,D003,PHARMACY
P000419,D003,TRADITIONAL
P000420,D003,HYPERMARKET
P000421,D003,HYPERMARKET
P000422,D003,HYPERMARKET
P000423,D003,TRADITIONAL
P000424,D003,WHOLESALE
P000425,D003,SMALL_SUPERMARKET
P000426,D003,WHOLESALE
P000427,D003,HYPERMARKET
P000428,D003,WHOLESALE
P000429,D003,PHARMACY
P000430,D003,TRADITIONAL
P000431,D003,TRADITIONAL
P000432,D003,WHOLESALE
P000433,D003,HYPERMARKET
P000434,D003,LARGE_SUPERMARKET
P000435,D003,LARGE_SUPERMARKET
P000436,D003,TRADITIONAL
P000437,D003,TRADITIONAL
P000438,D003,TRADITIONAL
P000439,D003,CASH_AND_CARRY
P000440,D003,LARGE_SUPERMARKET
P000441,D003,TRADITIONAL
P000442,D003,LARGE_SUPERMARKET
P000443,D003,SMALL_SUPERMARKET
P000444,D003,TRADITIONAL
P000445,D003,PHARMACY
P000446,D003,TRADITIONAL
P000447,D003,HYPERMARKET
P000448,D003,TRADITIONAL
P000449,D003,HYPERMARKET
P000450,D003,CASH_AND_CARRY
P000451,D003,TRADITIONAL
P000452,D003,LARGE_SUPERMARKET
P000453,D003,LARGE_SUPERMARKET
P000454,D003,LARGE_SUPERMARKET
P000455,D003,PHARMACY
P000456,D003,SMALL_SUPERMARKET
P000457,D003,WHOLESALE
P000458,D003,TRADITIONAL
P000459,D003,TRADITIONAL
P000460,D003,LARGE_SUPERMARKET
P000461,D003,PHARMACY
P000462,D003,SMALL_SUPERMARKET
P000463,D003,TRADITIONAL
P000464,D003,TRADITIONAL
P000465,D003,TRADITIONAL
P000466,D003,PHARMACY
P000467,D003,LARGE_SUPERMARKET
P000468,D003,TRADITIONAL
P000469,D003,SMALL_SUPERMARKET
P000470,D003,SMALL_SUPERMARKET
P000471,D003,LARGE_SUPERMARKET
P000472,D003,LARGE_SUPERMARKET
P000473,D003,SMALL_SUPERMARKET
P000474,D003,SMALL_SUPERMARKET
P000475,D004,SMALL_SUPERMARKET
P000476,D004,TRADITIONAL
P000477,D004,TRADITIONAL
P000478,D004,SMALL_SUPERMARKET
P000479,D004,SMALL_SUPERMARKET
P000480,D004,LARGE_SUPERMARKET
P000481,D004,TRADITIONAL
P000482,D004,SMALL_SUPERMARKET
P000483,D004,HYPERMARKET
P000484,D004,SMALL_SUPERMARKET
P000485,D004,SMALL_SUPERMARKET
P000486,D004,LARGE_SUPERMARKET
P000487,D004,TRADITIONAL
P000488,D004,TRADITIONAL
P000489,D004,TRADITIONAL
P000490,D004,TRADITIONAL
P000491,D004,TRADITIONAL
P000492,D004,SMALL_SUPERMARKET
P000493,D004,WHOLESALE
P000494,D004,TRADITIONAL
P000495,D004,SMALL_SUPERMARKET
P000496,D004,TRADITIONAL
P000497,D004,SMALL_SUPERMARKET
P000498,D004,TRADITIONAL
P000499,D004,TRADITIONAL
P000500,D004,CASH_AND_CARRY
P000501,D004,PHARMACY
P000502,D004,TRADITIONAL
P000503,D004,TRADITIONAL
P000504,D004,WHOLESALE
P000505,D004,SMALL_SUPERMARKET
P000506,D004,WHOLESALE
P000507,D004,TRADITIONAL
P000508,D004,LARGE_SUPERMARKET
P000509,D004,HYPERMARKET
P000510,D004,WHOLESALE
P000511,D004,HYPERMARKET
P000512,D004,SMALL_SUPERMARKET
P000513,D004,SMALL_SUPERMARKET
P000514,D004,LARGE_SUPERMARKET
P000515,D004,SMALL_SUPERMARKET
P000516,D004,TRADITIONAL
P000517,D004,HYPERMARKET
P000518,D004,WHOLESALE
P000519,D004,CASH_AND_CARRY
P000520,D004,SMALL_SUPERMARKET
P000521,D004,LARGE_SUPERMARKET
P000522,D004,TRADITIONAL
P000523,D004,LARGE_SUPERMARKET
P000524,D004,SMALL_SUPERMARKET
P000525,D004,PHARMACY
P000526,D004,PHARMACY
P000527,D004,TRADITIONAL
P000528,D004,SMALL_SUPERMARKET
P000529,D004,TRADITIONAL
P000530,D004,TRADITIONAL
P000531,D004,SMALL_SUPERMARKET
P000532,D004,TRADITIONAL
P000533,D004,HYPERMARKET
P000534,D004,LARGE_SUPERMARKET
P000535,D004,TRADITIONAL
P000536,D004,LARGE_SUPERMARKET
P000537,D004,LARGE_SUPERMARKET
P000538,D004,WHOLESALE
P000539,D004,PHARMACY
P000540,D004,TRADITIONAL
P000541,D004,WHOLESALE
P000542,D004,PHARMACY
P000543,D004,LARGE_SUPERMARKET
P000544,D004,SMALL_SUPERMARKET
P000545,D004,SMALL_SUPERMARKET
P000546,D004,LARGE_SUPERMARKET
P000547,D004,TRADITIONAL
P000548,D004,SMALL_SUPERMARKET
P000549,D004,SMALL_SUPERMARKET
P000550,D004,LARGE_SUPERMARKET
P000551,D004,LARGE_SUPERMARKET
P000552,D004,PHARMACY
P000553,D004,HYPERMARKET
P000554,D004,SMALL_SUPERMARKET
P000555,D004,SMALL_SUPERMARKET
P000556,D004,TRADITIONAL
P000557,D004,TRADITIONAL
P000558,D005,LARGE_SUPERMARKET
P000559,D005,SMALL_SUPERMARKET
P000560,D005,WHOLESALE
P000561,D005,TRADITIONAL
P000562,D005,TRADITIONAL
P000563,D005,TRADITIONAL
P000564,D005,TRADITIONAL
P000565,D005,HYPERMARKET
P000566,D005,SMALL_SUPERMARKET
P000567,D005,TRADITIONAL
P000568,D005,SMALL_SUPERMARKET
P000569,D005,WHOLESALE
P000570,D005,TRADITIONAL
P000571,D005,TRADITIONAL
P000572,D005,CASH_AND_CARRY
P000573,D005,TRADITIONAL
P000574,D005,PHARMACY
P000575,D005,TRADITIONAL
P000576,D005,CASH_AND_CARRY
P000577,D005,SMALL_SUPERMARKET
P000578,D005,TRADITIONAL
P000579,D005,TRADITIONAL
P000580,D005,LARGE_SUPERMARKET
P000581,D005,SMALL_SUPERMARKET
P000582,D005,PHARMACY
P000583,D005,TRADITIONAL
P000584,D005,LARGE_SUPERMARKET
P000585,D005,SMALL_SUPERMARKET
P000586,D005,LARGE_SUPERMARKET
P000587,D005,HYPERMARKET
P000588,D005,PHARMACY
P000589,D005,SMALL_SUPERMARKET
P000590,D005,SMALL_SUPERMARKET
P000591,D005,TRADITIONAL
P000592,D005,HYPERMARKET
P000593,D005,SMALL_SUPERMARKET
P000594,D005,TRADITIONAL
P000595,D005,TRADITIONAL
P000596,D005,PHARMACY
P000597,D005,TRADITIONAL
P000598,D005,SMALL_SUPERMARKET
P000599,D005,TRADITIONAL
P000600,D005,PHARMACY
P000601,D005,TRADITIONAL
P000602,D005,PHARMACY
P000603,D005,WHOLESALE
P000604,D005,CASH_AND_CARRY
P000605,D005,LARGE_SUPERMARKET
P000606,D005,TRADITIONAL
P000607,D005,SMALL_SUPERMARKET
P000608,D005,TRADITIONAL
P000609,D005,TRADITIONAL
P000610,D005,PHARMACY
P000611,D005,PHARMACY
P000612,D005,SMALL_SUPERMARKET
P000613,D005,TRADITIONAL
P000614,D005,TRADITIONAL
P000615,D005,SMALL_SUPERMARKET
P000616,D005,LARGE_SUPERMARKET
P000617,D005,HYPERMARKET
P000618,D005,TRADITIONAL
P000619,D005,TRADITIONAL
P000620,D005,PHARMACY
P000621,D005,SMALL_SUPERMARKET
P000622,D005,PHARMACY
P000623,D005,SMALL_SUPERMARKET
P000624,D005,WHOLESALE
P000625,D005,LARGE_SUPERMARKET
P000626,D005,TRADITIONAL
P000627,D005,WHOLESALE
P000628,D005,PHARMACY
P000629,D005,WHOLESALE
P000630,D005,HYPERMARKET
P000631,D005,SMALL_SUPERMARKET
P000632,D005,HYPERMARKET
P000633,D005,LARGE_SUPERMARKET
P000634,D005,TRADITIONAL
P000635,D005,TRADITIONAL
P000636,D005,TRADITIONAL
P000637,D005,CASH_AND_CARRY
P000638,D005,TRADITIONAL
P000639,D005,WHOLESALE
P000640,D005,HYPERMARKET
P000641,D005,SMALL_SUPERMARKET
P000642,D005,TRADITIONAL
P000643,D005,CASH_AND_CARRY
P000644,D005,HYPERMARKET
P000645,D005,TRADITIONAL
P000646,D005,TRADITIONAL
P000647,D005,HYPERMARKET
P000648,D005,SMALL_SUPERMARKET
P000649,D005,CASH_AND_CARRY
P000650,D005,TRADITIONAL
P000651,D005,SMALL_SUPERMARKET
P000652,D005,CASH_AND_CARRY
P000653,D005,SMALL_SUPERMARKET
P000654,D005,CASH_AND_CARRY
P000655,D005,SMALL_SUPERMARKET
P000656,D005,TRADITIONAL
P000657,D005,SMALL_SUPERMARKET
P000658,D005,SMALL_SUPERMARKET
P000659,D005,CASH_AND_CARRY
P000660,D005,LARGE_SUPERMARKET
P000661,D005,LARGE_SUPERMARKET
P000662,D005,SMALL_SUPERMARKET
P000663,D005,TRADITIONAL
P000664,D005,WHOLESALE
P000665,D005,PHARMACY
P000666,D005,SMALL_SUPERMARKET
P000667,D005,SMALL_SUPERMARKET
P000668,D005,LARGE_SUPERMARKET
P000669,D005,TRADITIONAL
P000670,D005,PHARMACY
P000671,D005,TRADITIONAL
P000672,D005,TRADITIONAL
P000673,D005,SMALL_SUPERMARKET
P000674,D005,PHARMACY
P000675,D005,TRADITIONAL
P000676,D005,LARGE_SUPERMARKET
P000677,D005,SMALL_SUPERMARKET
P000678,D005,HYPERMARKET
P000679,D005,LARGE_SUPERMARKET
P000680,D005,HYPERMARKET
P000681,D005,SMALL_SUPERMARKET
P000682,D005,TRADITIONAL
P000683,D005,SMALL_SUPERMARKET
P000684,D005,SMALL_SUPERMARKET
P000685,D005,PHARMACY
P000686,D005,TRADITIONAL
P000687,D005,TRADITIONAL
P000688,D005,SMALL_SUPERMARKET
P000689,D005,CASH_AND_CARRY
P000690,D005,SMALL_SUPERMARKET
P000691,D005,SMALL_SUPERMARKET
P000692,D005,PHARMACY
P000693,D005,TRADITIONAL
P000694,D005,TRADITIONAL
P000695,D005,TRADITIONAL
P000696,D005,TRADITIONAL
P000697,D005,SMALL_SUPERMARKET
P000698,D005,SMALL_SUPERMARKET
P000699,D005,SMALL_SUPERMARKET
P000700,D005,LARGE_SUPERMARKET
P000701,D005,CASH_AND_CARRY
P000702,D005,SMALL_SUPERMARKET
P000703,D005,TRADITIONAL
P000704,D005,WHOLESALE
P000705,D005,WHOLESALE
P000706,D005,SMALL_SUPERMARKET
P000707,D005,SMALL_SUPERMARKET
P000708,D005,PHARMACY
P000709,D005,TRADITIONAL
P000710,D005,WHOLESALE
P000711,D005,PHARMACY
P000712,D005,WHOLESALE
P000713,D005,LARGE_SUPERMARKET
P000714,D005,TRADITIONAL
P000715,D005,LARGE_SUPERMARKET
P000716,D005,TRADITIONAL
P000717,D005,PHARMACY
P000718,D005,TRADITIONAL
P000719,D005,SMALL_SUPERMARKET
P000720,D005,HYPERMARKET
P000721,D005,PHARMACY
P000722,D005,LARGE_SUPERMARKET
P000723,D005,HYPERMARKET
P000724,D005,SMALL_SUPERMARKET
P000725,D005,HYPERMARKET
P000726,D005,SMALL_SUPERMARKET
P000727,D005,TRADITIONAL
P000728,D005,SMALL_SUPERMARKET
P000729,D005,HYPERMARKET
P000730,D005,LARGE_SUPERMARKET
P000731,D005,SMALL_SUPERMARKET
P000732,D005,HYPERMARKET
P000733,D005,TRADITIONAL
P000734,D005,LARGE_SUPERMARKET
P000735,D005,SMALL_SUPERMARKET
P000736,D005,SMALL_SUPERMARKET
P000737,D005,SMALL_SUPERMARKET
P000738,D005,HYPERMARKET
P000739,D005,LARGE_SUPERMARKET
P000740,D005,CASH_AND_CARRY
P000741,D005,HYPERMARKET
P000742,D005,TRADITIONAL
P000743,D005,TRADITIONAL
P000744,D005,SMALL_SUPERMARKET
P000745,D005,SMALL_SUPERMARKET
P000746,D005,WHOLESALE
P000747,D005,WHOLESALE
P000748,D005,SMALL_SUPERMARKET
P000749,D005,SMALL_SUPERMARKET
P000750,D005,SMALL_SUPERMARKET
P000751,D005,SMALL_SUPERMARKET
P000752,D005,TRADITIONAL
P000753,D005,LARGE_SUPERMARKET
P000754,D005,SMALL_SUPERMARKET
P000755,D005,PHARMACY
P000756,D005,HYPERMARKET
P000757,D005,SMALL_SUPERMARKET
P000758,D005,TRADITIONAL
P000759,D005,LARGE_SUPERMARKET
P000760,D005,HYPERMARKET
P000761,D005,LARGE_SUPERMARKET
P000762,D005,PHARMACY
P000763,D005,HYPERMARKET
P000764,D005,LARGE_SUPERMARKET
P000765,D005,HYPERMARKET
P000766,D005,LARGE_SUPERMARKET
P000767,D005,TRADITIONAL
P000768,D005,SMALL_SUPERMARKET
P000769,D005,TRADITIONAL
P000770,D005,TRADITIONAL
P000771,D005,WHOLESALE
P000772,D005,HYPERMARKET
P000773,D005,CASH_AND_CARRY
P000774,D005,TRADITIONAL
P000775,D005,LARGE_SUPERMARKET
P000776,D005,TRADITIONAL
P000777,D005,CASH_AND_CARRY
P000778,D005,SMALL_SUPERMARKET
P000779,D005,PHARMACY
P000780,D005,SMALL_SUPERMARKET
P000781,D005,TRADITIONAL
P000782,D005,PHARMACY
P000783,D005,SMALL_SUPERMARKET
P000784,D005,WHOLESALE
P000785,D005,SMALL_SUPERMARKET
P000786,D005,WHOLESALE
P000787,D005,TRADITIONAL
P000788,D005,LARGE_SUPERMARKET
P000789,D005,SMALL_SUPERMARKET
P000790,D005,SMALL_SUPERMARKET
P000791,D005,HYPERMARKET
P000792,D005,HYPERMARKET
P000793,D005,SMALL_SUPERMARKET
P000794,D005,HYPERMARKET
P000795,D005,LARGE_SUPERMARKET
P000796,D005,TRADITIONAL
P000797,D005,TRADITIONAL
P000798,D005,TRADITIONAL
P000799,D005,SMALL_SUPERMARKET
P000800,D005,CASH_AND_CARRY
P000801,D005,TRADITIONAL
P000802,D005,LARGE_SUPERMARKET
P000803,D005,LARGE_SUPERMARKET
P000804,D005,TRADITIONAL
P000805,D005,LARGE_SUPERMARKET
P000806,D005,TRADITIONAL
P000807,D005,PHARMACY
P000808,D005,HYPERMARKET
P000809,D005,HYPERMARKET
P000810,D005,PHARMACY
P000811,D005,TRADITIONAL
P000812,D005,LARGE_SUPERMARKET
P000813,D005,CASH_AND_CARRY
P000814,D005,CASH_AND_CARRY
P000815,D005,TRADITIONAL
P000816,D005,TRADITIONAL
P000817,D005,SMALL_SUPERMARKET
P000818,D005,HYPERMARKET
P000819,D005,TRADITIONAL
P000820,D005,SMALL_SUPERMARKET
P000821,D005,TRADITIONAL
P000822,D005,WHOLESALE
P000823,D005,HYPERMARKET
P000824,D005,TRADITIONAL
P000825,D005,SMALL_SUPERMARKET
P000826,D005,CASH_AND_CARRY
P000827,D005,SMALL_SUPERMARKET
P000828,D005,TRADITIONAL
P000829,D005,TRADITIONAL
P000830,D005,SMALL_SUPERMARKET
P000831,D005,TRADITIONAL
P000832,D005,TRADITIONAL
P000833,D005,TRADITIONAL
P000834,D005,TRADITIONAL
P000835,D005,PHARMACY
P000836,D005,SMALL_SUPERMARKET
P000837,D005,TRADITIONAL
P000838,D005,HYPERMARKET
P000839,D005,WHOLESALE
P000840,D005,TRADITIONAL
P000841,D005,SMALL_SUPERMARKET
P000842,D005,LARGE_SUPERMARKET
P000843,D005,CASH_AND_CARRY
P000844,D005,SMALL_SUPERMARKET
P000845,D005,TRADITIONAL
P000846,D005,LARGE_SUPERMARKET
P000847,D005,PHARMACY
P000848,D005,LARGE_SUPERMARKET
P000849,D005,LARGE_SUPERMARKET
P000850,D005,CASH_AND_CARRY
P000851,D005,PHARMACY
P000852,D005,LARGE_SUPERMARKET
P000853,D005,SMALL_SUPERMARKET
P000854,D005,TRADITIONAL
P000855,D005,CASH_AND_CARRY
P000856,D005,SMALL_SUPERMARKET
P000857,D005,TRADITIONAL
P000858,D006,TRADITIONAL
P000859,D006,TRADITIONAL
P000860,D006,WHOLESALE
P000861,D006,TRADITIONAL
P000862,D006,LARGE_SUPERMARKET
P000863,D006,PHARMACY
P000864,D006,CASH_AND_CARRY
P000865,D006,WHOLESALE
P000866,D006,LARGE_SUPERMARKET
P000867,D006,LARGE_SUPERMARKET
P000868,D006,TRADITIONAL
P000869,D006,HYPERMARKET
P000870,D006,PHARMACY
P000871,D006,SMALL_SUPERMARKET
P000872,D006,TRADITIONAL
P000873,D006,CASH_AND_CARRY
P000874,D006,SMALL_SUPERMARKET
P000875,D006,SMALL_SUPERMARKET
P000876,D006,TRADITIONAL
P000877,D006,TRADITIONAL
P000878,D006,SMALL_SUPERMARKET
P000879,D006,TRADITIONAL
P000880,D006,PHARMACY
P000881,D006,SMALL_SUPERMARKET
P000882,D006,LARGE_SUPERMARKET
P000883,D006,SMALL_SUPERMARKET
P000884,D006,SMALL_SUPERMARKET
P000885,D006,LARGE_SUPERMARKET
P000886,D006,LARGE_SUPERMARKET
P000887,D006,TRADITIONAL
P000888,D006,SMALL_SUPERMARKET
P000889,D006,PHARMACY
P000890,D006,SMALL_SUPERMARKET
P000891,D006,LARGE_SUPERMARKET
P000892,D006,TRADITIONAL
P000893,D006,CASH_AND_CARRY
P000894,D006,SMALL_SUPERMARKET
P000895,D006,LARGE_SUPERMARKET
P000896,D006,LARGE_SUPERMARKET
P000897,D006,TRADITIONAL
P000898,D006,SMALL_SUPERMARKET
P000899,D006,SMALL_SUPERMARKET
P000900,D006,HYPERMARKET
P000901,D006,TRADITIONAL
P000902,D006,PHARMACY
P000903,D006,TRADITIONAL
P000904,D006,TRADITIONAL
P000905,D006,LARGE_SUPERMARKET
P000906,D006,SMALL_SUPERMARKET
P000907,D006,SMALL_SUPERMARKET
P000908,D006,TRADITIONAL
P000909,D006,CASH_AND_CARRY
P000910,D006,PHARMACY
P000911,D006,PHARMACY
P000912,D006,PHARMACY
P000913,D006,PHARMACY
P000914,D006,HYPERMARKET
P000915,D006,LARGE_SUPERMARKET
P000916,D006,SMALL_SUPERMARKET
P000917,D006,TRADITIONAL
P000918,D006,LARGE_SUPERMARKET
P000919,D006,WHOLESALE
P000920,D006,TRADITIONAL
P000921,D006,TRADITIONAL
P000922,D006,LARGE_SUPERMARKET
P000923,D006,SMALL_SUPERMARKET
P000924,D006,LARGE_SUPERMARKET
P000925,D006,CASH_AND_CARRY
P000926,D006,TRADITIONAL
P000927,D006,TRADITIONAL
P000928,D006,SMALL_SUPERMARKET
P000929,D006,SMALL_SUPERMARKET
P000930,D006,SMALL_SUPERMARKET
P000931,D006,TRADITIONAL
P000932,D006,TRADITIONAL
P000933,D006,LARGE_SUPERMARKET
P000934,D006,PHARMACY
P000935,D006,LARGE_SUPERMARKET
P000936,D006,CASH_AND_CARRY
P000937,D006,LARGE_SUPERMARKET
P000938,D006,SMALL_SUPERMARKET
P000939,D006,WHOLESALE
P000940,D006,LARGE_SUPERMARKET
P000941,D006,SMALL_SUPERMARKET
P000942,D006,SMALL_SUPERMARKET
P000943,D006,SMALL_SUPERMARKET
P000944,D006,TRADITIONAL
P000945,D006,CASH_AND_CARRY
P000946,D006,CASH_AND_CARRY
P000947,D006,SMALL_SUPERMARKET
P000948,D006,TRADITIONAL
P000949,D006,SMALL_SUPERMARKET
P000950,D006,SMALL_SUPERMARKET
P000951,D006,LARGE_SUPERMARKET
P000952,D006,PHARMACY
P000953,D006,CASH_AND_CARRY
P000954,D006,TRADITIONAL
P000955,D006,TRADITIONAL
P000956,D006,TRADITIONAL
P000957,D006,TRADITIONAL
P000958,D006,TRADITIONAL
P000959,D006,SMALL_SUPERMARKET
P000960,D006,LARGE_SUPERMARKET
P000961,D006,LARGE_SUPERMARKET
P000962,D006,PHARMACY
P000963,D006,TRADITIONAL
P000964,D006,PHARMACY
P000965,D006,LARGE_SUPERMARKET
P000966,D006,TRADITIONAL
P000967,D006,LARGE_SUPERMARKET
P000968,D006,SMALL_SUPERMARKET
P000969,D006,HYPERMARKET
P000970,D006,LARGE_SUPERMARKET
P000971,D006,PHARMACY
P000972,D006,SMALL_SUPERMARKET
P000973,D006,TRADITIONAL
P000974,D006,SMALL_SUPERMARKET
P000975,D006,SMALL_SUPERMARKET
P000976,D006,TRADITIONAL
P000977,D006,LARGE_SUPERMARKET
P000978,D006,PHARMACY
P000979,D006,WHOLESALE
P000980,D006,TRADITIONAL
P000981,D006,SMALL_SUPERMARKET
P000982,D006,LARGE_SUPERMARKET
P000983,D006,PHARMACY
P000984,D006,SMALL_SUPERMARKET
P000985,D006,HYPERMARKET
P000986,D006,SMALL_SUPERMARKET
P000987,D006,WHOLESALE
P000988,D006,TRADITIONAL
P000989,D006,TRADITIONAL
P000990,D006,WHOLESALE
P000991,D006,LARGE_SUPERMARKET
P000992,D006,PHARMACY
P000993,D006,SMALL_SUPERMARKET
P000994,D006,TRADITIONAL
P000995,D006,HYPERMARKET
P000996,D006,PHARMACY
P000997,D006,SMALL_SUPERMARKET
P000998,D006,HYPERMARKET
P000999,D006,SMALL_SUPERMARKET
P001000,D006,LARGE_SUPERMARKET
P001001,D006,LARGE_SUPERMARKET
P001002,D006,TRADITIONAL
P001003,D006,SMALL_SUPERMARKET
P001004,D006,PHARMACY
P001005,D006,SMALL_SUPERMARKET
P001006,D006,TRADITIONAL
P001007,D006,SMALL_SUPERMARKET
P001008,D006,TRADITIONAL
P001009,D006,TRADITIONAL
P001010,D006,SMALL_SUPERMARKET
P001011,D006,PHARMACY
P001012,D006,SMALL_SUPERMARKET
P001013,D006,LARGE_SUPERMARKET
P001014,D006,TRADITIONAL
P001015,D006,WHOLESALE
P001016,D006,HYPERMARKET
P001017,D006,SMALL_SUPERMARKET
P001018,D006,CASH_AND_CARRY
P001019,D006,TRADITIONAL
P001020,D006,PHARMACY
P001021,D006,TRADITIONAL
P001022,D006,TRADITIONAL
P001023,D006,SMALL_SUPERMARKET
P001024,D006,PHARMACY
P001025,D006,SMALL_SUPERMARKET
P001026,D006,TRADITIONAL
P001027,D006,SMALL_SUPERMARKET
P001028,D006,TRADITIONAL
P001029,D006,TRADITIONAL
P001030,D006,TRADITIONAL
P001031,D006,PHARMACY
P001032,D006,SMALL_SUPERMARKET
P001033,D006,TRADITIONAL
P001034,D006,SMALL_SUPERMARKET
P001035,D006,SMALL_SUPERMARKET
P001036,D006,SMALL_SUPERMARKET
P001037,D006,LARGE_SUPERMARKET
P001038,D006,LARGE_SUPERMARKET
P001039,D006,TRADITIONAL
P001040,D006,TRADITIONAL
P001041,D006,TRADITIONAL
P001042,D006,HYPERMARKET
P001043,D006,SMALL_SUPERMARKET
P001044,D006,LARGE_SUPERMARKET
P001045,D006,TRADITIONAL
P001046,D006,CASH_AND_CARRY
P001047,D006,SMALL_SUPERMARKET
P001048,D006,TRADITIONAL
P001049,D006,LARGE_SUPERMARKET
P001050,D006,SMALL_SUPERMARKET
P001051,D006,LARGE_SUPERMARKET
P001052,D006,SMALL_SUPERMARKET
P001053,D006,TRADITIONAL
P001054,D006,PHARMACY
P001055,D006,LARGE_SUPERMARKET
P001056,D006,TRADITIONAL
P001057,D006,TRADITIONAL
P001058,D006,PHARMACY
P001059,D006,TRADITIONAL
P001060,D006,SMALL_SUPERMARKET
P001061,D006,TRADITIONAL
P001062,D006,SMALL_SUPERMARKET
P001063,D006,PHARMACY
P001064,D006,SMALL_SUPERMARKET
P001065,D006,TRADITIONAL
P001066,D006,HYPERMARKET
P001067,D006,SMALL_SUPERMARKET
P001068,D006,CASH_AND_CARRY
P001069,D006,TRADITIONAL
P001070,D006,SMALL_SUPERMARKET
P001071,D006,PHARMACY
P001072,D006,CASH_AND_CARRY
P001073,D006,SMALL_SUPERMARKET
P001074,D006,TRADITIONAL
P001075,D007,TRADITIONAL
P001076,D007,SMALL_SUPERMARKET
P001077,D007,SMALL_SUPERMARKET
P001078,D007,PHARMACY
P001079,D007,PHARMACY
P001080,D007,WHOLESALE
P001081,D007,PHARMACY
P001082,D007,TRADITIONAL
P001083,D007,TRADITIONAL
P001084,D007,TRADITIONAL
P001085,D007,TRADITIONAL
P001086,D007,SMALL_SUPERMARKET
P001087,D007,SMALL_SUPERMARKET
P001088,D007,TRADITIONAL
P001089,D007,SMALL_SUPERMARKET
P001090,D007,SMALL_SUPERMARKET
P001091,D007,TRADITIONAL
P001092,D007,SMALL_SUPERMARKET
P001093,D007,LARGE_SUPERMARKET
P001094,D007,WHOLESALE
P001095,D007,CASH_AND_CARRY
P001096,D007,LARGE_SUPERMARKET
P001097,D007,HYPERMARKET
P001098,D007,SMALL_SUPERMARKET
P001099,D007,WHOLESALE
P001100,D007,WHOLESALE
P001101,D007,LARGE_SUPERMARKET
P001102,D007,TRADITIONAL
P001103,D007,LARGE_SUPERMARKET
P001104,D007,SMALL_SUPERMARKET
P001105,D007,PHARMACY
P001106,D007,LARGE_SUPERMARKET
P001107,D007,LARGE_SUPERMARKET
P001108,D007,SMALL_SUPERMARKET
P001109,D007,TRADITIONAL
P001110,D007,PHARMACY
P001111,D007,PHARMACY
P001112,D007,HYPERMARKET
P001113,D007,LARGE_SUPERMARKET
P001114,D007,WHOLESALE
P001115,D007,SMALL_SUPERMARKET
P001116,D007,CASH_AND_CARRY
P001117,D007,TRADITIONAL
P001118,D007,LARGE_SUPERMARKET
P001119,D007,WHOLESALE
P001120,D007,LARGE_SUPERMARKET
P001121,D007,SMALL_SUPERMARKET
P001122,D007,TRADITIONAL
P001123,D007,TRADITIONAL
P001124,D007,TRADITIONAL
P001125,D007,TRADITIONAL
P001126,D007,PHARMACY
P001127,D007,PHARMACY
P001128,D007,TRADITIONAL
P001129,D007,LARGE_SUPERMARKET
P001130,D007,TRADITIONAL
P001131,D007,PHARMACY
P001132,D007,SMALL_SUPERMARKET
P001133,D007,SMALL_SUPERMARKET
P001134,D007,SMALL_SUPERMARKET
P001135,D007,HYPERMARKET
P001136,D007,TRADITIONAL
P001137,D007,SMALL_SUPERMARKET
P001138,D007,WHOLESALE
P001139,D007,WHOLESALE
P001140,D007,WHOLESALE
P001141,D007,SMALL_SUPERMARKET
P001142,D007,SMALL_SUPERMARKET
P001143,D007,TRADITIONAL
P001144,D007,WHOLESALE
P001145,D007,TRADITIONAL
P001146,D007,CASH_AND_CARRY
P001147,D007,LARGE_SUPERMARKET
P001148,D007,CASH_AND_CARRY
P001149,D007,LARGE_SUPERMARKET
P001150,D007,LARGE_SUPERMARKET
P001151,D007,TRADITIONAL
P001152,D007,HYPERMARKET
P001153,D007,HYPERMARKET
P001154,D007,HYPERMARKET
P001155,D007,SMALL_SUPERMARKET
P001156,D007,TRADITIONAL
P001157,D007,HYPERMARKET
P001158,D007,TRADITIONAL
P001159,D007,WHOLESALE
P001160,D007,LARGE_SUPERMARKET
P001161,D007,LARGE_SUPERMARKET
P001162,D007,CASH_AND_CARRY
P001163,D007,WHOLESALE
P001164,D007,TRADITIONAL
P001165,D007,WHOLESALE
P001166,D007,LARGE_SUPERMARKET
P001167,D007,SMALL_SUPERMARKET
P001168,D007,TRADITIONAL
P001169,D007,SMALL_SUPERMARKET
P001170,D007,TRADITIONAL
P001171,D007,TRADITIONAL
P001172,D007,TRADITIONAL
P001173,D007,SMALL_SUPERMARKET
P001174,D007,SMALL_SUPERMARKET
P001175,D007,LARGE_SUPERMARKET
P001176,D007,LARGE_SUPERMARKET
P001177,D007,TRADITIONAL
P001178,D007,LARGE_SUPERMARKET
P001179,D007,LARGE_SUPERMARKET
P001180,D007,LARGE_SUPERMARKET
P001181,D007,LARGE_SUPERMARKET
P001182,D007,WHOLESALE
P001183,D007,SMALL_SUPERMARKET
P001184,D007,PHARMACY
P001185,D007,LARGE_SUPERMARKET
P001186,D007,TRADITIONAL
P001187,D007,SMALL_SUPERMARKET
P001188,D007,SMALL_SUPERMARKET
P001189,D007,CASH_AND_CARRY
P001190,D007,PHARMACY
P001191,D007,CASH_AND_CARRY
P001192,D007,LARGE_SUPERMARKET
P001193,D007,LARGE_SUPERMARKET
P001194,D007,TRADITIONAL
P001195,D007,SMALL_SUPERMARKET
P001196,D007,TRADITIONAL
P001197,D007,TRADITIONAL
P001198,D007,TRADITIONAL
P001199,D007,WHOLESALE
P001200,D007,TRADITIONAL
P001201,D007,HYPERMARKET
P001202,D007,HYPERMARKET
P001203,D007,TRADITIONAL
P001204,D007,TRADITIONAL
P001205,D007,SMALL_SUPERMARKET
P001206,D007,SMALL_SUPERMARKET
P001207,D007,TRADITIONAL
P001208,D007,WHOLESALE
P001209,D007,TRADITIONAL
P001210,D007,SMALL_SUPERMARKET
P001211,D007,SMALL_SUPERMARKET
P001212,D007,TRADITIONAL
P001213,D007,SMALL_SUPERMARKET
P001214,D007,TRADITIONAL
P001215,D007,TRADITIONAL
P001216,D007,HYPERMARKET
P001217,D007,HYPERMARKET
P001218,D007,LARGE_SUPERMARKET
P001219,D007,CASH_AND_CARRY
P001220,D007,TRADITIONAL
P001221,D007,LARGE_SUPERMARKET
P001222,D007,CASH_AND_CARRY
P001223,D007,SMALL_SUPERMARKET
P001224,D007,SMALL_SUPERMARKET
P001225,D007,PHARMACY
P001226,D007,HYPERMARKET
P001227,D007,LARGE_SUPERMARKET
P001228,D007,TRADITIONAL
P001229,D007,LARGE_SUPERMARKET
P001230,D007,TRADITIONAL
P001231,D007,LARGE_SUPERMARKET
P001232,D007,LARGE_SUPERMARKET
P001233,D007,LARGE_SUPERMARKET
P001234,D007,SMALL_SUPERMARKET
P001235,D007,LARGE_SUPERMARKET
P001236,D007,LARGE_SUPERMARKET
P001237,D007,CASH_AND_CARRY
P001238,D007,SMALL_SUPERMARKET
P001239,D007,SMALL_SUPERMARKET
P001240,D007,HYPERMARKET
P001241,D007,SMALL_SUPERMARKET
P001242,D007,SMALL_SUPERMARKET
P001243,D007,TRADITIONAL
P001244,D007,LARGE_SUPERMARKET
P001245,D007,CASH_AND_CARRY
P001246,D007,PHARMACY
P001247,D007,LARGE_SUPERMARKET
P001248,D007,LARGE_SUPERMARKET
P001249,D007,LARGE_SUPERMARKET
P001250,D007,TRADITIONAL
P001251,D007,LARGE_SUPERMARKET
P001252,D007,CASH_AND_CARRY
P001253,D007,TRADITIONAL
P001254,D007,WHOLESALE
P001255,D007,TRADITIONAL
P001256,D007,PHARMACY
P001257,D007,HYPERMARKET
P001258,D007,SMALL_SUPERMARKET
P001259,D007,SMALL_SUPERMARKET
P001260,D007,PHARMACY
P001261,D007,TRADITIONAL
P001262,D007,WHOLESALE
P001263,D007,LARGE_SUPERMARKET
P001264,D007,PHARMACY
P001265,D007,TRADITIONAL
P001266,D007,TRADITIONAL
P001267,D007,PHARMACY
P001268,D007,SMALL_SUPERMARKET
P001269,D007,SMALL_SUPERMARKET
P001270,D007,TRADITIONAL
P001271,D007,LARGE_SUPERMARKET
P001272,D007,SMALL_SUPERMARKET
P001273,D007,LARGE_SUPERMARKET
P001274,D007,LARGE_SUPERMARKET
P001275,D007,CASH_AND_CARRY
P001276,D007,TRADITIONAL
P001277,D007,SMALL_SUPERMARKET
P001278,D007,SMALL_SUPERMARKET
P001279,D007,SMALL_SUPERMARKET
P001280,D007,TRADITIONAL
P001281,D007,PHARMACY
P001282,D007,PHARMACY
P001283,D007,SMALL_SUPERMARKET
P001284,D007,SMALL_SUPERMARKET
P001285,D007,SMALL_SUPERMARKET
P001286,D007,TRADITIONAL
P001287,D007,SMALL_SUPERMARKET
P001288,D007,TRADITIONAL
P001289,D007,TRADITIONAL
P001290,D007,SMALL_SUPERMARKET
P001291,D007,SMALL_SUPERMARKET
P001292,D007,SMALL_SUPERMARKET
P001293,D007,LARGE_SUPERMARKET
P001294,D007,LARGE_SUPERMARKET
P001295,D007,TRADITIONAL
P001296,D007,SMALL_SUPERMARKET
P001297,D007,LARGE_SUPERMARKET
P001298,D007,TRADITIONAL
P001299,D007,TRADITIONAL
P001300,D007,SMALL_SUPERMARKET
P001301,D007,WHOLESALE
P001302,D007,PHARMACY
P001303,D007,TRADITIONAL
P001304,D007,TRADITIONAL
P001305,D007,HYPERMARKET
P001306,D007,PHARMACY
P001307,D007,SMALL_SUPERMARKET
P001308,D007,PHARMACY
P001309,D007,TRADITIONAL
P001310,D007,HYPERMARKET
P001311,D007,HYPERMARKET
P001312,D007,TRADITIONAL
P001313,D007,TRADITIONAL
P001314,D007,HYPERMARKET
P001315,D007,TRADITIONAL
P001316,D007,CASH_AND_CARRY
P001317,D007,TRADITIONAL
P001318,D007,SMALL_SUPERMARKET
P001319,D007,HYPERMARKET
P001320,D007,WHOLESALE
P001321,D007,SMALL_SUPERMARKET
P001322,D007,CASH_AND_CARRY
P001323,D007,SMALL_SUPERMARKET
P001324,D007,TRADITIONAL
P001325,D007,SMALL_SUPERMARKET
P001326,D007,LARGE_SUPERMARKET
P001327,D007,TRADITIONAL
P001328,D007,TRADITIONAL
P001329,D007,TRADITIONAL
P001330,D007,PHARMACY
P001331,D007,PHARMACY
P001332,D007,CASH_AND_CARRY
P001333,D007,LARGE_SUPERMARKET
P001334,D007,TRADITIONAL
P001335,D007,CASH_AND_CARRY
P001336,D007,SMALL_SUPERMARKET
P001337,D007,LARGE_SUPERMARKET
P001338,D007,WHOLESALE
P001339,D007,TRADITIONAL
P001340,D007,TRADITIONAL
P001341,D007,PHARMACY
P001342,D007,TRADITIONAL
P001343,D007,SMALL_SUPERMARKET
P001344,D007,SMALL_SUPERMARKET
P001345,D007,SMALL_SUPERMARKET
P001346,D007,LARGE_SUPERMARKET
P001347,D007,WHOLESALE
P001348,D007,WHOLESALE
P001349,D007,SMALL_SUPERMARKET
P001350,D007,SMALL_SUPERMARKET
P001351,D007,CASH_AND_CARRY
P001352,D007,HYPERMARKET
P001353,D007,TRADITIONAL
P001354,D007,SMALL_SUPERMARKET
P001355,D007,TRADITIONAL
P001356,D007,LARGE_SUPERMARKET
P001357,D007,TRADITIONAL
P001358,D007,SMALL_SUPERMARKET
P001359,D007,TRADITIONAL
P001360,D007,HYPERMARKET
P001361,D007,SMALL_SUPERMARKET
P001362,D007,TRADITIONAL
P001363,D007,LARGE_SUPERMARKET
P001364,D007,LARGE_SUPERMARKET
P001365,D007,LARGE_SUPERMARKET
P001366,D007,SMALL_SUPERMARKET
P001367,D007,LARGE_SUPERMARKET
P001368,D008,PHARMACY
P001369,D008,SMALL_SUPERMARKET
P001370,D008,WHOLESALE
P001371,D008,PHARMACY
P001372,D008,LARGE_SUPERMARKET
P001373,D008,TRADITIONAL
P001374,D008,CASH_AND_CARRY
P001375,D008,TRADITIONAL
P001376,D008,SMALL_SUPERMARKET
P001377,D008,SMALL_SUPERMARKET
P001378,D008,HYPERMARKET
P001379,D008,TRADITIONAL
P001380,D008,PHARMACY
P001381,D008,PHARMACY
P001382,D008,HYPERMARKET
P001383,D008,TRADITIONAL
P001384,D008,SMALL_SUPERMARKET
P001385,D008,PHARMACY
P001386,D008,HYPERMARKET
P001387,D008,PHARMACY
P001388,D008,WHOLESALE
P001389,D008,LARGE_SUPERMARKET
P001390,D008,HYPERMARKET
P001391,D008,WHOLESALE
P001392,D008,LARGE_SUPERMARKET
P001393,D008,TRADITIONAL
P001394,D008,PHARMACY
P001395,D008,TRADITIONAL
P001396,D008,SMALL_SUPERMARKET
P001397,D008,SMALL_SUPERMARKET
P001398,D008,HYPERMARKET
P001399,D008,PHARMACY
P001400,D008,SMALL_SUPERMARKET
P001401,D008,LARGE_SUPERMARKET
P001402,D008,SMALL_SUPERMARKET
P001403,D008,PHARMACY
P001404,D008,LARGE_SUPERMARKET
P001405,D008,CASH_AND_CARRY
P001406,D008,TRADITIONAL
P001407,D008,WHOLESALE
P001408,D008,PHARMACY
P001409,D008,WHOLESALE
P001410,D008,PHARMACY
P001411,D008,LARGE_SUPERMARKET
P001412,D008,WHOLESALE
P001413,D008,TRADITIONAL
P001414,D008,TRADITIONAL
P001415,D008,CASH_AND_CARRY
P001416,D008,PHARMACY
P001417,D008,TRADITIONAL
P001418,D008,TRADITIONAL
P001419,D008,SMALL_SUPERMARKET
P001420,D008,SMALL_SUPERMARKET
P001421,D008,SMALL_SUPERMARKET
P001422,D008,SMALL_SUPERMARKET
P001423,D008,LARGE_SUPERMARKET
P001424,D008,HYPERMARKET
P001425,D008,TRADITIONAL
P001426,D008,SMALL_SUPERMARKET
P001427,D008,PHARMACY
P001428,D008,TRADITIONAL
P001429,D008,HYPERMARKET
P001430,D008,LARGE_SUPERMARKET
P001431,D008,LARGE_SUPERMARKET
P001432,D008,PHARMACY
P001433,D008,LARGE_SUPERMARKET
P001434,D008,TRADITIONAL
P001435,D008,PHARMACY
P001436,D008,PHARMACY
P001437,D008,SMALL_SUPERMARKET
P001438,D008,HYPERMARKET
P001439,D008,LARGE_SUPERMARKET
P001440,D008,HYPERMARKET
P001441,D008,LARGE_SUPERMARKET
P001442,D008,TRADITIONAL
P001443,D008,PHARMACY
P001444,D008,TRADITIONAL
P001445,D008,TRADITIONAL
P001446,D008,LARGE_SUPERMARKET
P001447,D008,WHOLESALE
P001448,D008,TRADITIONAL
P001449,D008,CASH_AND_CARRY
P001450,D008,PHARMACY
P001451,D008,SMALL_SUPERMARKET
P001452,D008,LARGE_SUPERMARKET
P001453,D008,LARGE_SUPERMARKET
P001454,D008,SMALL_SUPERMARKET
P001455,D008,PHARMACY
P001456,D008,SMALL_SUPERMARKET
P001457,D008,TRADITIONAL
P001458,D008,TRADITIONAL
P001459,D008,LARGE_SUPERMARKET
P001460,D008,SMALL_SUPERMARKET
P001461,D008,TRADITIONAL
P001462,D008,TRADITIONAL
P001463,D008,SMALL_SUPERMARKET
P001464,D008,LARGE_SUPERMARKET
P001465,D008,TRADITIONAL
P001466,D008,LARGE_SUPERMARKET
P001467,D008,PHARMACY
P001468,D008,LARGE_SUPERMARKET
P001469,D008,LARGE_SUPERMARKET
P001470,D008,TRADITIONAL
P001471,D008,TRADITIONAL
P001472,D008,TRADITIONAL
P001473,D008,SMALL_SUPERMARKET
P001474,D008,PHARMACY
P001475,D008,TRADITIONAL
P001476,D008,SMALL_SUPERMARKET
P001477,D008,SMALL_SUPERMARKET
P001478,D008,HYPERMARKET
P001479,D008,TRADITIONAL
P001480,D008,LARGE_SUPERMARKET
P001481,D008,TRADITIONAL
P001482,D008,HYPERMARKET
P001483,D008,PHARMACY
P001484,D008,SMALL_SUPERMARKET
P001485,D008,CASH_AND_CARRY
P001486,D008,SMALL_SUPERMARKET
P001487,D008,HYPERMARKET
P001488,D008,WHOLESALE
P001489,D008,TRADITIONAL
P001490,D008,WHOLESALE
P001491,D008,SMALL_SUPERMARKET
P001492,D008,TRADITIONAL
P001493,D008,CASH_AND_CARRY
P001494,D008,TRADITIONAL
P001495,D008,SMALL_SUPERMARKET
P001496,D008,TRADITIONAL
P001497,D008,TRADITIONAL
P001498,D008,PHARMACY
P001499,D008,SMALL_SUPERMARKET
P001500,D008,SMALL_SUPERMARKET
P001501,D008,WHOLESALE
P001502,D008,TRADITIONAL
P001503,D008,TRADITIONAL
P001504,D008,SMALL_SUPERMARKET
P001505,D008,LARGE_SUPERMARKET
P001506,D008,TRADITIONAL
P001507,D008,LARGE_SUPERMARKET
P001508,D008,LARGE_SUPERMARKET
P001509,D008,TRADITIONAL
P001510,D008,TRADITIONAL
P001511,D008,CASH_AND_CARRY
P001512,D008,SMALL_SUPERMARKET
P001513,D008,LARGE_SUPERMARKET
P001514,D008,PHARMACY
P001515,D008,LARGE_SUPERMARKET
P001516,D008,LARGE_SUPERMARKET
P001517,D008,SMALL_SUPERMARKET
P001518,D008,TRADITIONAL
P001519,D008,CASH_AND_CARRY
P001520,D008,TRADITIONAL
P001521,D008,TRADITIONAL
P001522,D008,LARGE_SUPERMARKET
P001523,D008,SMALL_SUPERMARKET
P001524,D008,SMALL_SUPERMARKET
P001525,D008,LARGE_SUPERMARKET
P001526,D008,SMALL_SUPERMARKET
P001527,D008,SMALL_SUPERMARKET
P001528,D008,LARGE_SUPERMARKET
P001529,D008,TRADITIONAL
P001530,D008,TRADITIONAL
P001531,D008,HYPERMARKET
P001532,D008,TRADITIONAL
P001533,D008,WHOLESALE
P001534,D008,TRADITIONAL
P001535,D008,WHOLESALE
P001536,D008,SMALL_SUPERMARKET
P001537,D008,WHOLESALE
P001538,D008,SMALL_SUPERMARKET
P001539,D008,SMALL_SUPERMARKET
P001540,D008,LARGE_SUPERMARKET
P001541,D008,SMALL_SUPERMARKET
P001542,D008,SMALL_SUPERMARKET
P001543,D008,SMALL_SUPERMARKET
P001544,D008,TRADITIONAL
P001545,D008,SMALL_SUPERMARKET
P001546,D008,SMALL_SUPERMARKET
P001547,D008,LARGE_SUPERMARKET
P001548,D008,SMALL_SUPERMARKET
P001549,D008,SMALL_SUPERMARKET
P001550,D008,SMALL_SUPERMARKET
P001551,D008,SMALL_SUPERMARKET
P001552,D008,TRADITIONAL
P001553,D008,PHARMACY
P001554,D008,TRADITIONAL
P001555,D008,TRADITIONAL
P001556,D008,CASH_AND_CARRY
P001557,D008,PHARMACY
P001558,D008,TRADITIONAL
P001559,D008,CASH_AND_CARRY
P001560,D008,PHARMACY
P001561,D008,WHOLESALE
P001562,D008,SMALL_SUPERMARKET
P001563,D008,LARGE_SUPERMARKET
P001564,D008,HYPERMARKET
P001565,D008,SMALL_SUPERMARKET
P001566,D008,TRADITIONAL
P001567,D008,SMALL_SUPERMARKET
P001568,D008,TRADITIONAL
P001569,D008,TRADITIONAL
P001570,D008,WHOLESALE
P001571,D008,LARGE_SUPERMARKET
P001572,D008,LARGE_SUPERMARKET
P001573,D008,WHOLESALE
P001574,D008,WHOLESALE
P001575,D008,PHARMACY
P001576,D008,CASH_AND_CARRY
P001577,D008,CASH_AND_CARRY
P001578,D008,SMALL_SUPERMARKET
P001579,D008,SMALL_SUPERMARKET
P001580,D008,SMALL_SUPERMARKET
P001581,D008,TRADITIONAL
P001582,D008,PHARMACY
P001583,D008,SMALL_SUPERMARKET
P001584,D009,SMALL_SUPERMARKET
P001585,D009,LARGE_SUPERMARKET
P001586,D009,LARGE_SUPERMARKET
P001587,D009,HYPERMARKET
P001588,D009,PHARMACY
P001589,D009,SMALL_SUPERMARKET
P001590,D009,WHOLESALE
P001591,D009,TRADITIONAL
P001592,D009,LARGE_SUPERMARKET
P001593,D009,LARGE_SUPERMARKET
P001594,D009,WHOLESALE
P001595,D009,SMALL_SUPERMARKET
P001596,D009,PHARMACY
P001597,D009,LARGE_SUPERMARKET
P001598,D009,TRADITIONAL
P001599,D009,WHOLESALE
P001600,D009,SMALL_SUPERMARKET
P001601,D009,SMALL_SUPERMARKET
P001602,D009,PHARMACY
P001603,D009,SMALL_SUPERMARKET
P001604,D009,SMALL_SUPERMARKET
P001605,D009,SMALL_SUPERMARKET
P001606,D009,SMALL_SUPERMARKET
P001607,D009,TRADITIONAL
P001608,D009,TRADITIONAL
P001609,D009,SMALL_SUPERMARKET
P001610,D009,WHOLESALE
P001611,D009,LARGE_SUPERMARKET
P001612,D009,HYPERMARKET
P001613,D009,TRADITIONAL
P001614,D009,PHARMACY
P001615,D009,HYPERMARKET
P001616,D009,LARGE_SUPERMARKET
P001617,D009,TRADITIONAL
P001618,D009,WHOLESALE
P001619,D009,LARGE_SUPERMARKET
P001620,D009,SMALL_SUPERMARKET
P001621,D009,TRADITIONAL
P001622,D009,SMALL_SUPERMARKET
P001623,D009,LARGE_SUPERMARKET
P001624,D009,LARGE_SUPERMARKET
P001625,D009,SMALL_SUPERMARKET
P001626,D009,SMALL_SUPERMARKET
P001627,D009,CASH_AND_CARRY
P001628,D009,TRADITIONAL
P001629,D009,TRADITIONAL
P001630,D009,PHARMACY
P001631,D009,SMALL_SUPERMARKET
P001632,D009,SMALL_SUPERMARKET
P001633,D009,PHARMACY
P001634,D009,SMALL_SUPERMARKET
P001635,D009,TRADITIONAL
P001636,D009,TRADITIONAL
P001637,D009,LARGE_SUPERMARKET
P001638,D009,SMALL_SUPERMARKET
P001639,D009,LARGE_SUPERMARKET
P001640,D009,LARGE_SUPERMARKET
P001641,D009,SMALL_SUPERMARKET
P001642,D009,SMALL_SUPERMARKET
P001643,D009,WHOLESALE
P001644,D009,PHARMACY
P001645,D009,WHOLESALE
P001646,D009,SMALL_SUPERMARKET
P001647,D009,SMALL_SUPERMARKET
P001648,D009,SMALL_SUPERMARKET
P001649,D009,LARGE_SUPERMARKET
P001650,D009,PHARMACY
P001651,D009,SMALL_SUPERMARKET
P001652,D009,LARGE_SUPERMARKET
P001653,D009,WHOLESALE
P001654,D009,SMALL_SUPERMARKET
P001655,D009,HYPERMARKET
P001656,D009,LARGE_SUPERMARKET
P001657,D009,TRADITIONAL
P001658,D009,WHOLESALE
P001659,D009,LARGE_SUPERMARKET
P001660,D009,PHARMACY
P001661,D009,CASH_AND_CARRY
P001662,D009,WHOLESALE
P001663,D009,LARGE_SUPERMARKET
P001664,D009,HYPERMARKET
P001665,D009,CASH_AND_CARRY
P001666,D009,SMALL_SUPERMARKET
P001667,D009,TRADITIONAL
P001668,D009,TRADITIONAL
P001669,D009,LARGE_SUPERMARKET
P001670,D009,WHOLESALE
P001671,D009,PHARMACY
P001672,D009,TRADITIONAL
P001673,D009,SMALL_SUPERMARKET
P001674,D009,CASH_AND_CARRY
P001675,D009,TRADITIONAL
P001676,D009,TRADITIONAL
P001677,D009,WHOLESALE
P001678,D009,TRADITIONAL
P001679,D009,SMALL_SUPERMARKET
P001680,D009,LARGE_SUPERMARKET
P001681,D009,SMALL_SUPERMARKET
P001682,D009,TRADITIONAL
P001683,D009,TRADITIONAL
P001684,D009,TRADITIONAL
P001685,D009,SMALL_SUPERMARKET
P001686,D009,WHOLESALE
P001687,D009,PHARMACY
P001688,D009,SMALL_SUPERMARKET
P001689,D009,TRADITIONAL
P001690,D009,TRADITIONAL
P001691,D009,TRADITIONAL
P001692,D009,LARGE_SUPERMARKET
P001693,D009,WHOLESALE
P001694,D009,PHARMACY
P001695,D009,TRADITIONAL
P001696,D009,PHARMACY
P001697,D009,PHARMACY
P001698,D009,SMALL_SUPERMARKET
P001699,D009,TRADITIONAL
P001700,D009,SMALL_SUPERMARKET
P001701,D009,PHARMACY
P001702,D009,LARGE_SUPERMARKET
P001703,D009,SMALL_SUPERMARKET
P001704,D009,CASH_AND_CARRY
P001705,D009,SMALL_SUPERMARKET
P001706,D009,WHOLESALE
P001707,D009,SMALL_SUPERMARKET
P001708,D009,PHARMACY
P001709,D009,CASH_AND_CARRY
P001710,D009,SMALL_SUPERMARKET
P001711,D009,TRADITIONAL
P001712,D009,SMALL_SUPERMARKET
P001713,D009,TRADITIONAL
P001714,D009,TRADITIONAL
P001715,D009,WHOLESALE
P001716,D009,HYPERMARKET
P001717,D009,LARGE_SUPERMARKET
P001718,D009,TRADITIONAL
P001719,D009,TRADITIONAL
P001720,D009,TRADITIONAL
P001721,D009,HYPERMARKET
P001722,D009,SMALL_SUPERMARKET
P001723,D009,CASH_AND_CARRY
P001724,D009,HYPERMARKET
P001725,D009,SMALL_SUPERMARKET
P001726,D009,PHARMACY
P001727,D009,HYPERMARKET
P001728,D009,TRADITIONAL
P001729,D009,SMALL_SUPERMARKET
P001730,D009,CASH_AND_CARRY
P001731,D009,TRADITIONAL
P001732,D009,CASH_AND_CARRY
P001733,D009,LARGE_SUPERMARKET
P001734,D009,TRADITIONAL
P001735,D009,TRADITIONAL
P001736,D009,SMALL_SUPERMARKET
P001737,D009,SMALL_SUPERMARKET
P001738,D009,HYPERMARKET
P001739,D009,PHARMACY
P001740,D009,TRADITIONAL
P001741,D009,TRADITIONAL
P001742,D009,TRADITIONAL
P001743,D009,TRADITIONAL
P001744,D009,SMALL_SUPERMARKET
P001745,D009,SMALL_SUPERMARKET
P001746,D009,TRADITIONAL
P001747,D009,LARGE_SUPERMARKET
P001748,D009,CASH_AND_CARRY
P001749,D009,WHOLESALE
P001750,D009,SMALL_SUPERMARKET
P001751,D009,TRADITIONAL
P001752,D009,LARGE_SUPERMARKET
P001753,D009,PHARMACY
P001754,D009,PHARMACY
P001755,D009,PHARMACY
P001756,D009,SMALL_SUPERMARKET
P001757,D009,LARGE_SUPERMARKET
P001758,D009,LARGE_SUPERMARKET
P001759,D009,LARGE_SUPERMARKET
P001760,D009,LARGE_SUPERMARKET
P001761,D009,HYPERMARKET
P001762,D009,PHARMACY
P001763,D009,HYPERMARKET
P001764,D009,LARGE_SUPERMARKET
P001765,D009,WHOLESALE
P001766,D009,TRADITIONAL
P001767,D009,TRADITIONAL
P001768,D009,TRADITIONAL
P001769,D009,CASH_AND_CARRY
P001770,D009,TRADITIONAL
P001771,D009,TRADITIONAL
P001772,D009,TRADITIONAL
P001773,D009,SMALL_SUPERMARKET
P001774,D009,SMALL_SUPERMARKET
P001775,D009,SMALL_SUPERMARKET
P001776,D009,LARGE_SUPERMARKET
P001777,D009,WHOLESALE
P001778,D009,SMALL_SUPERMARKET
P001779,D009,LARGE_SUPERMARKET
P001780,D009,SMALL_SUPERMARKET
P001781,D009,WHOLESALE
P001782,D009,SMALL_SUPERMARKET
P001783,D009,TRADITIONAL
P001784,D009,CASH_AND_CARRY
P001785,D009,HYPERMARKET
P001786,D009,TRADITIONAL
P001787,D009,SMALL_SUPERMARKET
P001788,D009,LARGE_SUPERMARKET
P001789,D009,TRADITIONAL
P001790,D009,PHARMACY
P001791,D009,SMALL_SUPERMARKET
P001792,D009,TRADITIONAL
P001793,D009,SMALL_SUPERMARKET
P001794,D009,TRADITIONAL
P001795,D009,TRADITIONAL
P001796,D009,TRADITIONAL
P001797,D009,TRADITIONAL
P001798,D009,LARGE_SUPERMARKET
P001799,D009,TRADITIONAL
P001800,D009,TRADITIONAL
P001801,D009,TRADITIONAL
P001802,D009,HYPERMARKET
P001803,D009,SMALL_SUPERMARKET
P001804,D009,SMALL_SUPERMARKET
P001805,D009,LARGE_SUPERMARKET
P001806,D009,LARGE_SUPERMARKET
P001807,D009,SMALL_SUPERMARKET
P001808,D009,TRADITIONAL
P001809,D009,SMALL_SUPERMARKET
P001810,D009,WHOLESALE
P001811,D009,TRADITIONAL
P001812,D009,TRADITIONAL
P001813,D009,SMALL_SUPERMARKET
P001814,D009,TRADITIONAL
P001815,D009,TRADITIONAL
P001816,D009,PHARMACY
P001817,D009,TRADITIONAL
P001818,D009,TRADITIONAL
P001819,D009,TRADITIONAL
P001820,D009,TRADITIONAL
P001821,D009,HYPERMARKET
P001822,D009,TRADITIONAL
P001823,D009,TRADITIONAL
P001824,D009,PHARMACY
P001825,D009,TRADITIONAL
P001826,D009,SMALL_SUPERMARKET
P001827,D009,PHARMACY
P001828,D009,SMALL_SUPERMARKET
P001829,D009,LARGE_SUPERMARKET
P001830,D009,LARGE_SUPERMARKET
P001831,D009,LARGE_SUPERMARKET
P001832,D009,HYPERMARKET
P001833,D009,SMALL_SUPERMARKET
P001834,D009,TRADITIONAL
P001835,D009,TRADITIONAL
P001836,D009,HYPERMARKET
P001837,D009,TRADITIONAL
P001838,D009,LARGE_SUPERMARKET
P001839,D009,PHARMACY
P001840,D009,LARGE_SUPERMARKET
P001841,D009,TRADITIONAL
P001842,D009,SMALL_SUPERMARKET
P001843,D009,TRADITIONAL
P001844,D009,SMALL_SUPERMARKET
P001845,D009,TRADITIONAL
P001846,D009,SMALL_SUPERMARKET
P001847,D009,PHARMACY
P001848,D009,TRADITIONAL
P001849,D009,TRADITIONAL
P001850,D009,WHOLESALE
P001851,D009,PHARMACY
P001852,D009,LARGE_SUPERMARKET
P001853,D009,SMALL_SUPERMARKET
P001854,D009,SMALL_SUPERMARKET
P001855,D009,SMALL_SUPERMARKET
P001856,D009,TRADITIONAL
P001857,D009,PHARMACY
P001858,D009,PHARMACY
P001859,D009,TRADITIONAL
P001860,D009,TRADITIONAL
P001861,D009,CASH_AND_CARRY
P001862,D009,PHARMACY
P001863,D009,LARGE_SUPERMARKET
P001864,D009,TRADITIONAL
P001865,D009,WHOLESALE
P001866,D009,SMALL_SUPERMARKET
P001867,D009,SMALL_SUPERMARKET
P001868,D009,PHARMACY
P001869,D009,PHARMACY
P001870,D009,PHARMACY
P001871,D009,WHOLESALE
P001872,D009,SMALL_SUPERMARKET
P001873,D009,SMALL_SUPERMARKET
P001874,D009,TRADITIONAL
P001875,D009,TRADITIONAL
P001876,D009,TRADITIONAL
P001877,D009,TRADITIONAL
P001878,D009,SMALL_SUPERMARKET
P001879,D009,TRADITIONAL
P001880,D009,SMALL_SUPERMARKET
P001881,D009,SMALL_SUPERMARKET
P001882,D009,LARGE_SUPERMARKET
P001883,D009,LARGE_SUPERMARKET
P001884,D009,CASH_AND_CARRY
P001885,D009,SMALL_SUPERMARKET
P001886,D009,LARGE_SUPERMARKET
P001887,D009,TRADITIONAL
P001888,D009,TRADITIONAL
P001889,D009,HYPERMARKET
P001890,D009,SMALL_SUPERMARKET
P001891,D009,LARGE_SUPERMARKET
P001892,D009,TRADITIONAL
P001893,D009,SMALL_SUPERMARKET
P001894,D009,HYPERMARKET
P001895,D009,HYPERMARKET
P001896,D009,TRADITIONAL
P001897,D009,HYPERMARKET
P001898,D009,WHOLESALE
P001899,D009,LARGE_SUPERMARKET
P001900,D009,TRADITIONAL
P001901,D009,SMALL_SUPERMARKET
P001902,D009,SMALL_SUPERMARKET
P001903,D009,HYPERMARKET
P001904,D009,WHOLESALE
P001905,D009,CASH_AND_CARRY
P001906,D009,HYPERMARKET
P001907,D009,LARGE_SUPERMARKET
P001908,D009,PHARMACY
P001909,D009,TRADITIONAL
P001910,D009,LARGE_SUPERMARKET
P001911,D009,LARGE_SUPERMARKET
P001912,D009,TRADITIONAL
P001913,D009,TRADITIONAL
P001914,D009,TRADITIONAL
P001915,D009,PHARMACY
P001916,D009,TRADITIONAL
P001917,D009,SMALL_SUPERMARKET
P001918,D009,SMALL_SUPERMARKET
P001919,D009,SMALL_SUPERMARKET
P001920,D009,LARGE_SUPERMARKET
P001921,D009,HYPERMARKET
P001922,D009,SMALL_SUPERMARKET
P001923,D009,TRADITIONAL
P001924,D009,HYPERMARKET
P001925,D009,SMALL_SUPERMARKET
P001926,D009,TRADITIONAL
P001927,D009,TRADITIONAL
P001928,D009,TRADITIONAL
P001929,D009,WHOLESALE
P001930,D009,TRADITIONAL
P001931,D009,LARGE_SUPERMARKET
P001932,D009,SMALL_SUPERMARKET
P001933,D009,TRADITIONAL
P001934,D009,SMALL_SUPERMARKET
P001935,D009,HYPERMARKET
P001936,D009,LARGE_SUPERMARKET
P001937,D009,SMALL_SUPERMARKET
P001938,D009,SMALL_SUPERMARKET
P001939,D009,LARGE_SUPERMARKET
P001940,D009,WHOLESALE
P001941,D009,PHARMACY
P001942,D009,LARGE_SUPERMARKET
P001943,D009,PHARMACY
P001944,D009,HYPERMARKET
P001945,D009,PHARMACY
P001946,D009,PHARMACY
P001947,D009,HYPERMARKET
P001948,D009,TRADITIONAL
P001949,D009,PHARMACY
P001950,D009,PHARMACY
P001951,D009,PHARMACY
P001952,D009,TRADITIONAL
P001953,D009,HYPERMARKET
P001954,D009,WHOLESALE
P001955,D009,TRADITIONAL
P001956,D009,TRADITIONAL
P001957,D009,SMALL_SUPERMARKET
P001958,D009,TRADITIONAL
P001959,D009,LARGE_SUPERMARKET
P001960,D009,TRADITIONAL
P001961,D009,HYPERMARKET
P001962,D009,TRADITIONAL
P001963,D009,WHOLESALE
P001964,D009,SMALL_SUPERMARKET
P001965,D009,TRADITIONAL
P001966,D009,SMALL_SUPERMARKET
P001967,D009,PHARMACY
P001968,D009,TRADITIONAL
P001969,D009,SMALL_SUPERMARKET
P001970,D009,LARGE_SUPERMARKET
P001971,D009,LARGE_SUPERMARKET
P001972,D009,SMALL_SUPERMARKET
P001973,D009,PHARMACY
P001974,D009,TRADITIONAL
P001975,D009,LARGE_SUPERMARKET
P001976,D009,CASH_AND_CARRY
P001977,D009,SMALL_SUPERMARKET
P001978,D009,CASH_AND_CARRY
P001979,D009,SMALL_SUPERMARKET
P001980,D009,TRADITIONAL
P001981,D009,PHARMACY
P001982,D010,SMALL_SUPERMARKET
P001983,D010,TRADITIONAL
P001984,D010,PHARMACY
P001985,D010,LARGE_SUPERMARKET
P001986,D010,LARGE_SUPERMARKET
P001987,D010,TRADITIONAL
P001988,D010,SMALL_SUPERMARKET
P001989,D010,HYPERMARKET
P001990,D010,SMALL_SUPERMARKET
P001991,D010,TRADITIONAL
P001992,D010,SMALL_SUPERMARKET
P001993,D010,SMALL_SUPERMARKET
P001994,D010,WHOLESALE
P001995,D010,TRADITIONAL
P001996,D010,WHOLESALE
P001997,D010,SMALL_SUPERMARKET
P001998,D010,PHARMACY
P001999,D010,TRADITIONAL
P002000,D010,LARGE_SUPERMARKET
P002001,D010,CASH_AND_CARRY
P002002,D010,TRADITIONAL
P002003,D010,LARGE_SUPERMARKET
P002004,D010,LARGE_SUPERMARKET
P002005,D010,TRADITIONAL
P002006,D010,HYPERMARKET
P002007,D010,SMALL_SUPERMARKET
P002008,D010,LARGE_SUPERMARKET
P002009,D010,SMALL_SUPERMARKET
P002010,D010,SMALL_SUPERMARKET
P002011,D010,TRADITIONAL
P002012,D010,SMALL_SUPERMARKET
P002013,D010,HYPERMARKET
P002014,D010,TRADITIONAL
P002015,D010,SMALL_SUPERMARKET
P002016,D010,TRADITIONAL
P002017,D010,LARGE_SUPERMARKET
P002018,D010,HYPERMARKET
P002019,D010,SMALL_SUPERMARKET
P002020,D010,SMALL_SUPERMARKET
P002021,D010,SMALL_SUPERMARKET
P002022,D010,WHOLESALE
P002023,D010,SMALL_SUPERMARKET
P002024,D010,TRADITIONAL
P002025,D010,TRADITIONAL
P002026,D010,HYPERMARKET
P002027,D010,TRADITIONAL
P002028,D010,SMALL_SUPERMARKET
P002029,D010,SMALL_SUPERMARKET
P002030,D010,LARGE_SUPERMARKET
P002031,D010,WHOLESALE
P002032,D010,PHARMACY
P002033,D010,HYPERMARKET
P002034,D010,TRADITIONAL
P002035,D010,TRADITIONAL
P002036,D010,SMALL_SUPERMARKET
P002037,D010,WHOLESALE
P002038,D010,TRADITIONAL
P002039,D010,PHARMACY
P002040,D010,PHARMACY
P002041,D010,HYPERMARKET
P002042,D010,SMALL_SUPERMARKET
P002043,D010,TRADITIONAL
P002044,D010,LARGE_SUPERMARKET
P002045,D010,SMALL_SUPERMARKET
P002046,D010,PHARMACY
P002047,D010,HYPERMARKET
P002048,D010,SMALL_SUPERMARKET
P002049,D010,WHOLESALE
P002050,D010,SMALL_SUPERMARKET
P002051,D010,SMALL_SUPERMARKET
P002052,D010,PHARMACY
P002053,D010,SMALL_SUPERMARKET
P002054,D010,LARGE_SUPERMARKET
P002055,D010,HYPERMARKET
P002056,D010,PHARMACY
P002057,D010,SMALL_SUPERMARKET
P002058,D010,TRADITIONAL
P002059,D010,LARGE_SUPERMARKET
P002060,D010,SMALL_SUPERMARKET
P002061,D010,PHARMACY
P002062,D010,TRADITIONAL
P002063,D010,PHARMACY
P002064,D010,SMALL_SUPERMARKET
P002065,D010,TRADITIONAL
P002066,D010,CASH_AND_CARRY
P002067,D010,SMALL_SUPERMARKET
P002068,D010,SMALL_SUPERMARKET
P002069,D010,CASH_AND_CARRY
P002070,D010,SMALL_SUPERMARKET
P002071,D010,TRADITIONAL
P002072,D010,PHARMACY
P002073,D010,LARGE_SUPERMARKET
P002074,D010,SMALL_SUPERMARKET
P002075,D010,HYPERMARKET
P002076,D010,SMALL_SUPERMARKET
P002077,D010,LARGE_SUPERMARKET
P002078,D010,TRADITIONAL
P002079,D010,LARGE_SUPERMARKET
P002080,D010,TRADITIONAL
P002081,D010,SMALL_SUPERMARKET
P002082,D010,SMALL_SUPERMARKET
P002083,D010,SMALL_SUPERMARKET
P002084,D010,TRADITIONAL
P002085,D010,SMALL_SUPERMARKET
P002086,D010,SMALL_SUPERMARKET
P002087,D010,CASH_AND_CARRY
P002088,D010,TRADITIONAL
P002089,D010,LARGE_SUPERMARKET
P002090,D010,PHARMACY
P002091,D010,SMALL_SUPERMARKET
P002092,D010,HYPERMARKET
P002093,D010,TRADITIONAL
P002094,D010,LARGE_SUPERMARKET
P002095,D010,SMALL_SUPERMARKET
P002096,D010,TRADITIONAL
P002097,D010,LARGE_SUPERMARKET
P002098,D010,WHOLESALE
P002099,D010,PHARMACY
P002100,D010,TRADITIONAL
P002101,D010,TRADITIONAL
P002102,D010,TRADITIONAL
P002103,D010,PHARMACY
P002104,D010,SMALL_SUPERMARKET
P002105,D010,LARGE_SUPERMARKET
P002106,D010,TRADITIONAL
P002107,D010,TRADITIONAL
P002108,D010,LARGE_SUPERMARKET
P002109,D010,TRADITIONAL
P002110,D010,HYPERMARKET
P002111,D010,PHARMACY
P002112,D010,SMALL_SUPERMARKET
P002113,D010,HYPERMARKET
P002114,D010,LARGE_SUPERMARKET
P002115,D010,SMALL_SUPERMARKET
P002116,D010,SMALL_SUPERMARKET
P002117,D010,HYPERMARKET
P002118,D010,SMALL_SUPERMARKET
P002119,D010,LARGE_SUPERMARKET
P002120,D010,SMALL_SUPERMARKET
P002121,D010,SMALL_SUPERMARKET
P002122,D010,SMALL_SUPERMARKET
P002123,D010,SMALL_SUPERMARKET
P002124,D010,LARGE_SUPERMARKET
P002125,D010,HYPERMARKET
P002126,D010,LARGE_SUPERMARKET
P002127,D010,TRADITIONAL
P002128,D010,PHARMACY
P002129,D010,PHARMACY
P002130,D010,TRADITIONAL
P002131,D010,TRADITIONAL
P002132,D010,SMALL_SUPERMARKET
P002133,D010,TRADITIONAL
P002134,D010,TRADITIONAL
P002135,D010,WHOLESALE
P002136,D010,CASH_AND_CARRY
P002137,D010,SMALL_SUPERMARKET
P002138,D010,TRADITIONAL
P002139,D010,WHOLESALE
P002140,D010,SMALL_SUPERMARKET
P002141,D010,PHARMACY
P002142,D010,LARGE_SUPERMARKET
P002143,D010,PHARMACY
P002144,D010,TRADITIONAL
P002145,D010,LARGE_SUPERMARKET
P002146,D010,TRADITIONAL
P002147,D010,HYPERMARKET
P002148,D010,TRADITIONAL
P002149,D010,WHOLESALE
P002150,D010,TRADITIONAL
P002151,D010,CASH_AND_CARRY
P002152,D010,LARGE_SUPERMARKET
P002153,D010,SMALL_SUPERMARKET
P002154,D010,SMALL_SUPERMARKET
P002155,D010,HYPERMARKET
P002156,D010,SMALL_SUPERMARKET
P002157,D010,SMALL_SUPERMARKET
P002158,D010,SMALL_SUPERMARKET
P002159,D010,SMALL_SUPERMARKET
P002160,D010,CASH_AND_CARRY
P002161,D010,SMALL_SUPERMARKET
P002162,D010,CASH_AND_CARRY
P002163,D010,SMALL_SUPERMARKET
P002164,D010,SMALL_SUPERMARKET
P002165,D010,TRADITIONAL
P002166,D010,SMALL_SUPERMARKET
P002167,D010,SMALL_SUPERMARKET
P002168,D010,TRADITIONAL
P002169,D010,LARGE_SUPERMARKET
P002170,D010,SMALL_SUPERMARKET
P002171,D010,TRADITIONAL
P002172,D010,SMALL_SUPERMARKET
P002173,D010,WHOLESALE
P002174,D010,SMALL_SUPERMARKET
P002175,D010,PHARMACY
P002176,D010,WHOLESALE
P002177,D010,PHARMACY
P002178,D010,WHOLESALE
P002179,D010,LARGE_SUPERMARKET
P002180,D010,TRADITIONAL
P002181,D010,LARGE_SUPERMARKET
P002182,D010,WHOLESALE
P002183,D010,TRADITIONAL
P002184,D010,SMALL_SUPERMARKET
P002185,D010,PHARMACY
P002186,D010,LARGE_SUPERMARKET
P002187,D010,TRADITIONAL
P002188,D010,TRADITIONAL
P002189,D010,HYPERMARKET
P002190,D010,TRADITIONAL
P002191,D010,WHOLESALE
P002192,D010,HYPERMARKET
P002193,D010,TRADITIONAL
P002194,D010,SMALL_SUPERMARKET
P002195,D010,TRADITIONAL
P002196,D010,LARGE_SUPERMARKET
P002197,D010,PHARMACY
P002198,D010,CASH_AND_CARRY
P002199,D010,LARGE_SUPERMARKET
P002200,D010,SMALL_SUPERMARKET
P002201,D010,TRADITIONAL
P002202,D010,TRADITIONAL
P002203,D010,SMALL_SUPERMARKET
P002204,D010,LARGE_SUPERMARKET
P002205,D010,LARGE_SUPERMARKET
P002206,D010,PHARMACY
P002207,D010,SMALL_SUPERMARKET
P002208,D010,CASH_AND_CARRY
P002209,D010,TRADITIONAL
P002210,D010,PHARMACY
P002211,D010,LARGE_SUPERMARKET
P002212,D010,LARGE_SUPERMARKET
P002213,D010,PHARMACY
P002214,D010,PHARMACY
P002215,D010,SMALL_SUPERMARKET
P002216,D010,SMALL_SUPERMARKET
P002217,D010,SMALL_SUPERMARKET
P002218,D010,SMALL_SUPERMARKET
P002219,D010,LARGE_SUPERMARKET
P002220,D010,CASH_AND_CARRY
P002221,D010,SMALL_SUPERMARKET
P002222,D011,HYPERMARKET
P002223,D011,HYPERMARKET
P002224,D011,TRADITIONAL
P002225,D011,SMALL_SUPERMARKET
P002226,D011,TRADITIONAL
P002227,D011,LARGE_SUPERMARKET
P002228,D011,PHARMACY
P002229,D011,TRADITIONAL
P002230,D011,CASH_AND_CARRY
P002231,D011,LARGE_SUPERMARKET
P002232,D011,SMALL_SUPERMARKET
P002233,D011,SMALL_SUPERMARKET
P002234,D011,TRADITIONAL
P002235,D011,SMALL_SUPERMARKET
P002236,D011,HYPERMARKET
P002237,D011,SMALL_SUPERMARKET
P002238,D011,SMALL_SUPERMARKET
P002239,D011,SMALL_SUPERMARKET
P002240,D011,LARGE_SUPERMARKET
P002241,D011,SMALL_SUPERMARKET
P002242,D011,TRADITIONAL
P002243,D011,SMALL_SUPERMARKET
P002244,D011,SMALL_SUPERMARKET
P002245,D011,TRADITIONAL
P002246,D011,TRADITIONAL
P002247,D011,SMALL_SUPERMARKET
P002248,D011,TRADITIONAL
P002249,D011,PHARMACY
P002250,D011,TRADITIONAL
P002251,D011,PHARMACY
P002252,D011,WHOLESALE
P002253,D011,HYPERMARKET
P002254,D011,SMALL_SUPERMARKET
P002255,D011,TRADITIONAL
P002256,D011,PHARMACY
P002257,D011,SMALL_SUPERMARKET
P002258,D011,LARGE_SUPERMARKET
P002259,D011,TRADITIONAL
P002260,D011,LARGE_SUPERMARKET
P002261,D011,TRADITIONAL
P002262,D011,TRADITIONAL
P002263,D011,TRADITIONAL
P002264,D011,CASH_AND_CARRY
P002265,D011,TRADITIONAL
P002266,D011,TRADITIONAL
P002267,D011,TRADITIONAL
P002268,D011,WHOLESALE
P002269,D011,CASH_AND_CARRY
P002270,D011,HYPERMARKET
P002271,D011,TRADITIONAL
P002272,D011,LARGE_SUPERMARKET
P002273,D011,CASH_AND_CARRY
P002274,D011,TRADITIONAL
P002275,D011,SMALL_SUPERMARKET
P002276,D011,LARGE_SUPERMARKET
P002277,D011,SMALL_SUPERMARKET
P002278,D011,TRADITIONAL
P002279,D011,LARGE_SUPERMARKET
P002280,D011,LARGE_SUPERMARKET
P002281,D011,CASH_AND_CARRY
P002282,D011,TRADITIONAL
P002283,D011,LARGE_SUPERMARKET
P002284,D011,SMALL_SUPERMARKET
P002285,D011,PHARMACY
P002286,D011,TRADITIONAL
P002287,D011,TRADITIONAL
P002288,D011,SMALL_SUPERMARKET
P002289,D011,SMALL_SUPERMARKET
P002290,D011,HYPERMARKET
P002291,D011,TRADITIONAL
P002292,D011,HYPERMARKET
P002293,D011,HYPERMARKET
P002294,D011,TRADITIONAL
P002295,D011,PHARMACY
P002296,D011,TRADITIONAL
P002297,D011,SMALL_SUPERMARKET
P002298,D011,TRADITIONAL
P002299,D011,SMALL_SUPERMARKET
P002300,D011,SMALL_SUPERMARKET
P002301,D011,TRADITIONAL
P002302,D011,SMALL_SUPERMARKET
P002303,D011,TRADITIONAL
P002304,D011,CASH_AND_CARRY
P002305,D011,PHARMACY
P002306,D011,HYPERMARKET
P002307,D011,SMALL_SUPERMARKET
P002308,D011,LARGE_SUPERMARKET
P002309,D011,SMALL_SUPERMARKET
P002310,D011,SMALL_SUPERMARKET
P002311,D011,LARGE_SUPERMARKET
P002312,D011,TRADITIONAL
P002313,D011,TRADITIONAL
P002314,D011,PHARMACY
P002315,D011,HYPERMARKET
P002316,D011,HYPERMARKET
P002317,D011,SMALL_SUPERMARKET
P002318,D011,LARGE_SUPERMARKET
P002319,D011,SMALL_SUPERMARKET
P002320,D011,PHARMACY
P002321,D011,LARGE_SUPERMARKET
P002322,D011,LARGE_SUPERMARKET
P002323,D011,TRADITIONAL
P002324,D011,TRADITIONAL
P002325,D011,TRADITIONAL
P002326,D011,SMALL_SUPERMARKET
P002327,D011,WHOLESALE
P002328,D011,LARGE_SUPERMARKET
P002329,D011,SMALL_SUPERMARKET
P002330,D011,TRADITIONAL
P002331,D011,CASH_AND_CARRY
P002332,D011,SMALL_SUPERMARKET
P002333,D011,TRADITIONAL
P002334,D011,HYPERMARKET
P002335,D011,LARGE_SUPERMARKET
P002336,D011,HYPERMARKET
P002337,D011,TRADITIONAL
P002338,D011,SMALL_SUPERMARKET
P002339,D011,TRADITIONAL
P002340,D011,HYPERMARKET
P002341,D011,CASH_AND_CARRY
P002342,D011,WHOLESALE
P002343,D011,LARGE_SUPERMARKET
P002344,D011,HYPERMARKET
P002345,D011,HYPERMARKET
P002346,D011,CASH_AND_CARRY
P002347,D011,SMALL_SUPERMARKET
P002348,D011,TRADITIONAL
P002349,D011,SMALL_SUPERMARKET
P002350,D011,WHOLESALE
P002351,D011,TRADITIONAL
P002352,D011,TRADITIONAL
P002353,D011,PHARMACY
P002354,D011,LARGE_SUPERMARKET
P002355,D011,WHOLESALE
P002356,D011,HYPERMARKET
P002357,D011,SMALL_SUPERMARKET
P002358,D011,CASH_AND_CARRY
P002359,D011,TRADITIONAL
P002360,D011,TRADITIONAL
P002361,D011,SMALL_SUPERMARKET
P002362,D011,SMALL_SUPERMARKET
P002363,D011,SMALL_SUPERMARKET
P002364,D011,TRADITIONAL
P002365,D011,SMALL_SUPERMARKET
P002366,D011,SMALL_SUPERMARKET
P002367,D011,SMALL_SUPERMARKET
P002368,D011,SMALL_SUPERMARKET
P002369,D011,SMALL_SUPERMARKET
P002370,D011,LARGE_SUPERMARKET
P002371,D011,CASH_AND_CARRY
P002372,D011,TRADITIONAL
P002373,D011,LARGE_SUPERMARKET
P002374,D011,TRADITIONAL
P002375,D011,WHOLESALE
P002376,D011,SMALL_SUPERMARKET
P002377,D011,LARGE_SUPERMARKET
P002378,D011,HYPERMARKET
P002379,D011,HYPERMARKET
P002380,D011,TRADITIONAL
P002381,D011,PHARMACY
P002382,D011,HYPERMARKET
P002383,D011,TRADITIONAL
P002384,D011,HYPERMARKET
P002385,D011,TRADITIONAL
P002386,D011,TRADITIONAL
P002387,D011,SMALL_SUPERMARKET
P002388,D011,HYPERMARKET
P002389,D011,TRADITIONAL
P002390,D011,PHARMACY
P002391,D011,SMALL_SUPERMARKET
P002392,D011,LARGE_SUPERMARKET
P002393,D011,LARGE_SUPERMARKET
P002394,D011,TRADITIONAL
P002395,D011,TRADITIONAL
P002396,D011,WHOLESALE
P002397,D011,TRADITIONAL
P002398,D011,CASH_AND_CARRY
P002399,D011,WHOLESALE
P002400,D011,SMALL_SUPERMARKET
P002401,D011,TRADITIONAL
P002402,D011,SMALL_SUPERMARKET
P002403,D011,SMALL_SUPERMARKET
P002404,D011,PHARMACY
P002405,D011,TRADITIONAL
P002406,D011,PHARMACY
P002407,D011,SMALL_SUPERMARKET
P002408,D011,TRADITIONAL
P002409,D011,TRADITIONAL
P002410,D011,LARGE_SUPERMARKET
P002411,D011,SMALL_SUPERMARKET
P002412,D011,TRADITIONAL
P002413,D011,HYPERMARKET
P002414,D011,PHARMACY
P002415,D011,LARGE_SUPERMARKET
P002416,D011,LARGE_SUPERMARKET
P002417,D011,TRADITIONAL
P002418,D011,LARGE_SUPERMARKET
P002419,D011,PHARMACY
P002420,D011,TRADITIONAL
P002421,D011,HYPERMARKET
P002422,D011,TRADITIONAL
P002423,D011,TRADITIONAL
P002424,D011,TRADITIONAL
P002425,D011,WHOLESALE
P002426,D011,TRADITIONAL
P002427,D011,TRADITIONAL
P002428,D011,SMALL_SUPERMARKET
P002429,D011,TRADITIONAL
P002430,D011,PHARMACY
P002431,D011,TRADITIONAL
P002432,D011,TRADITIONAL
P002433,D012,SMALL_SUPERMARKET
P002434,D012,TRADITIONAL
P002435,D012,PHARMACY
P002436,D012,LARGE_SUPERMARKET
P002437,D012,LARGE_SUPERMARKET
P002438,D012,TRADITIONAL
P002439,D012,TRADITIONAL
P002440,D012,TRADITIONAL
P002441,D012,HYPERMARKET
P002442,D012,SMALL_SUPERMARKET
P002443,D012,TRADITIONAL
P002444,D012,TRADITIONAL
P002445,D012,TRADITIONAL
P002446,D012,TRADITIONAL
P002447,D012,TRADITIONAL
P002448,D012,WHOLESALE
P002449,D012,TRADITIONAL
P002450,D012,TRADITIONAL
P002451,D012,TRADITIONAL
P002452,D012,LARGE_SUPERMARKET
P002453,D012,SMALL_SUPERMARKET
P002454,D012,TRADITIONAL
P002455,D012,CASH_AND_CARRY
P002456,D012,TRADITIONAL
P002457,D012,LARGE_SUPERMARKET
P002458,D012,TRADITIONAL
P002459,D012,LARGE_SUPERMARKET
P002460,D012,TRADITIONAL
P002461,D012,WHOLESALE
P002462,D012,TRADITIONAL
P002463,D012,TRADITIONAL
P002464,D012,SMALL_SUPERMARKET
P002465,D012,SMALL_SUPERMARKET
P002466,D012,CASH_AND_CARRY
P002467,D012,TRADITIONAL
P002468,D012,TRADITIONAL
P002469,D012,SMALL_SUPERMARKET
P002470,D012,HYPERMARKET
P002471,D012,LARGE_SUPERMARKET
P002472,D012,LARGE_SUPERMARKET
P002473,D012,SMALL_SUPERMARKET
P002474,D012,PHARMACY
P002475,D012,TRADITIONAL
P002476,D012,SMALL_SUPERMARKET
P002477,D012,LARGE_SUPERMARKET
P002478,D012,SMALL_SUPERMARKET
P002479,D012,WHOLESALE
P002480,D012,SMALL_SUPERMARKET
P002481,D012,TRADITIONAL
P002482,D012,WHOLESALE
P002483,D012,LARGE_SUPERMARKET
P002484,D012,TRADITIONAL
P002485,D012,PHARMACY
P002486,D012,SMALL_SUPERMARKET
P002487,D012,HYPERMARKET
P002488,D012,PHARMACY
P002489,D012,CASH_AND_CARRY
P002490,D012,TRADITIONAL
P002491,D012,TRADITIONAL
P002492,D012,LARGE_SUPERMARKET
P002493,D012,WHOLESALE
P002494,D012,TRADITIONAL
P002495,D012,HYPERMARKET
P002496,D012,TRADITIONAL
P002497,D012,PHARMACY
P002498,D012,WHOLESALE
P002499,D012,SMALL_SUPERMARKET
P002500,D012,HYPERMARKET
P002501,D012,PHARMACY
P002502,D012,PHARMACY
P002503,D012,TRADITIONAL
P002504,D012,TRADITIONAL
P002505,D012,SMALL_SUPERMARKET
P002506,D012,SMALL_SUPERMARKET
P002507,D012,LARGE_SUPERMARKET
P002508,D012,LARGE_SUPERMARKET
P002509,D012,SMALL_SUPERMARKET
P002510,D012,WHOLESALE
P002511,D012,LARGE_SUPERMARKET
P002512,D012,LARGE_SUPERMARKET
P002513,D012,TRADITIONAL
P002514,D012,LARGE_SUPERMARKET
P002515,D012,LARGE_SUPERMARKET
P002516,D012,TRADITIONAL
P002517,D012,SMALL_SUPERMARKET
P002518,D012,TRADITIONAL
P002519,D012,PHARMACY
P002520,D012,LARGE_SUPERMARKET
P002521,D012,PHARMACY
P002522,D012,PHARMACY
P002523,D012,WHOLESALE
P002524,D012,TRADITIONAL
P002525,D012,TRADITIONAL
P002526,D012,TRADITIONAL
P002527,D012,TRADITIONAL
P002528,D012,HYPERMARKET
P002529,D012,PHARMACY
P002530,D012,TRADITIONAL
P002531,D012,WHOLESALE
P002532,D012,SMALL_SUPERMARKET
P002533,D012,HYPERMARKET
P002534,D012,TRADITIONAL
P002535,D012,TRADITIONAL
P002536,D012,SMALL_SUPERMARKET
P002537,D012,SMALL_SUPERMARKET
P002538,D012,SMALL_SUPERMARKET
P002539,D012,TRADITIONAL
P002540,D012,SMALL_SUPERMARKET
P002541,D012,PHARMACY
P002542,D012,LARGE_SUPERMARKET
P002543,D012,SMALL_SUPERMARKET
P002544,D012,SMALL_SUPERMARKET
P002545,D012,TRADITIONAL
P002546,D012,TRADITIONAL
P002547,D012,TRADITIONAL
P002548,D012,PHARMACY
P002549,D012,SMALL_SUPERMARKET
P002550,D012,TRADITIONAL
P002551,D012,HYPERMARKET
P002552,D012,SMALL_SUPERMARKET
P002553,D012,SMALL_SUPERMARKET
P002554,D012,HYPERMARKET
P002555,D012,TRADITIONAL
P002556,D012,TRADITIONAL
P002557,D012,TRADITIONAL
P002558,D012,TRADITIONAL
P002559,D012,TRADITIONAL
P002560,D012,SMALL_SUPERMARKET
P002561,D012,HYPERMARKET
P002562,D012,LARGE_SUPERMARKET
P002563,D012,TRADITIONAL
P002564,D012,PHARMACY
P002565,D012,HYPERMARKET
P002566,D012,TRADITIONAL
P002567,D012,TRADITIONAL
P002568,D012,WHOLESALE
P002569,D012,TRADITIONAL
P002570,D012,TRADITIONAL
P002571,D012,TRADITIONAL
P002572,D012,CASH_AND_CARRY
P002573,D012,LARGE_SUPERMARKET
P002574,D012,PHARMACY
P002575,D012,HYPERMARKET
P002576,D012,WHOLESALE
P002577,D012,HYPERMARKET
P002578,D012,LARGE_SUPERMARKET
P002579,D012,HYPERMARKET
P002580,D012,SMALL_SUPERMARKET
P002581,D012,SMALL_SUPERMARKET
P002582,D012,LARGE_SUPERMARKET
P002583,D012,SMALL_SUPERMARKET
P002584,D012,SMALL_SUPERMARKET
P002585,D012,TRADITIONAL
P002586,D012,CASH_AND_CARRY
P002587,D012,TRADITIONAL
P002588,D012,LARGE_SUPERMARKET
P002589,D012,SMALL_SUPERMARKET
P002590,D012,PHARMACY
P002591,D012,LARGE_SUPERMARKET
P002592,D012,SMALL_SUPERMARKET
P002593,D012,PHARMACY
P002594,D012,PHARMACY
P002595,D012,SMALL_SUPERMARKET
P002596,D012,TRADITIONAL
P002597,D012,SMALL_SUPERMARKET
P002598,D012,TRADITIONAL
P002599,D012,HYPERMARKET
P002600,D012,LARGE_SUPERMARKET
P002601,D012,TRADITIONAL
P002602,D012,SMALL_SUPERMARKET
P002603,D012,TRADITIONAL
P002604,D012,SMALL_SUPERMARKET
P002605,D012,CASH_AND_CARRY
P002606,D012,WHOLESALE
P002607,D012,TRADITIONAL
P002608,D012,TRADITIONAL
P002609,D012,SMALL_SUPERMARKET
P002610,D012,TRADITIONAL
P002611,D012,LARGE_SUPERMARKET
P002612,D012,CASH_AND_CARRY
P002613,D012,WHOLESALE
P002614,D012,PHARMACY
P002615,D012,CASH_AND_CARRY
P002616,D012,PHARMACY
P002617,D012,LARGE_SUPERMARKET
P002618,D012,PHARMACY
P002619,D012,TRADITIONAL
P002620,D012,SMALL_SUPERMARKET
P002621,D012,TRADITIONAL
P002622,D012,SMALL_SUPERMARKET
P002623,D012,SMALL_SUPERMARKET
P002624,D012,SMALL_SUPERMARKET
P002625,D012,LARGE_SUPERMARKET
P002626,D012,TRADITIONAL
P002627,D012,CASH_AND_CARRY
P002628,D012,TRADITIONAL
P002629,D012,TRADITIONAL
P002630,D012,SMALL_SUPERMARKET
P002631,D012,SMALL_SUPERMARKET
P002632,D012,LARGE_SUPERMARKET
P002633,D012,WHOLESALE
P002634,D012,LARGE_SUPERMARKET
P002635,D012,TRADITIONAL
P002636,D012,TRADITIONAL
P002637,D012,TRADITIONAL
P002638,D012,CASH_AND_CARRY
P002639,D012,SMALL_SUPERMARKET
P002640,D012,CASH_AND_CARRY
P002641,D012,TRADITIONAL
P002642,D012,WHOLESALE
P002643,D012,TRADITIONAL
P002644,D012,WHOLESALE
P002645,D012,PHARMACY
P002646,D012,SMALL_SUPERMARKET
P002647,D012,WHOLESALE
P002648,D012,TRADITIONAL
P002649,D012,SMALL_SUPERMARKET
P002650,D012,PHARMACY
P002651,D012,SMALL_SUPERMARKET
P002652,D012,TRADITIONAL
P002653,D012,LARGE_SUPERMARKET
P002654,D012,LARGE_SUPERMARKET
P002655,D012,WHOLESALE
P002656,D012,SMALL_SUPERMARKET
P002657,D012,SMALL_SUPERMARKET
P002658,D012,SMALL_SUPERMARKET
P002659,D012,TRADITIONAL
P002660,D012,WHOLESALE
P002661,D012,CASH_AND_CARRY
P002662,D012,HYPERMARKET
P002663,D012,TRADITIONAL
P002664,D012,SMALL_SUPERMARKET
P002665,D012,TRADITIONAL
P002666,D012,SMALL_SUPERMARKET
P002667,D012,SMALL_SUPERMARKET
P002668,D012,SMALL_SUPERMARKET
P002669,D012,TRADITIONAL
P002670,D012,TRADITIONAL
P002671,D012,SMALL_SUPERMARKET
P002672,D012,WHOLESALE
P002673,D012,TRADITIONAL
P002674,D012,SMALL_SUPERMARKET
P002675,D012,WHOLESALE
P002676,D012,CASH_AND_CARRY
P002677,D012,LARGE_SUPERMARKET
P002678,D012,TRADITIONAL
P002679,D012,SMALL_SUPERMARKET
P002680,D012,TRADITIONAL
P002681,D012,SMALL_SUPERMARKET
P002682,D012,TRADITIONAL
P002683,D012,SMALL_SUPERMARKET
P002684,D012,TRADITIONAL
P002685,D012,PHARMACY
P002686,D012,SMALL_SUPERMARKET
P002687,D012,CASH_AND_CARRY
P002688,D012,PHARMACY
P002689,D012,CASH_AND_CARRY
P002690,D012,LARGE_SUPERMARKET
P002691,D012,WHOLESALE
P002692,D012,HYPERMARKET
P002693,D012,SMALL_SUPERMARKET
P002694,D012,CASH_AND_CARRY
P002695,D012,TRADITIONAL
P002696,D012,TRADITIONAL
P002697,D012,SMALL_SUPERMARKET
P002698,D012,WHOLESALE
P002699,D012,TRADITIONAL
P002700,D012,SMALL_SUPERMARKET
P002701,D012,CASH_AND_CARRY
P002702,D012,LARGE_SUPERMARKET
P002703,D012,LARGE_SUPERMARKET
P002704,D012,TRADITIONAL
P002705,D012,PHARMACY
P002706,D012,SMALL_SUPERMARKET
P002707,D012,SMALL_SUPERMARKET
P002708,D012,LARGE_SUPERMARKET
P002709,D012,CASH_AND_CARRY
P002710,D012,LARGE_SUPERMARKET
P002711,D012,TRADITIONAL
P002712,D012,PHARMACY
P002713,D012,HYPERMARKET
P002714,D012,TRADITIONAL
P002715,D012,TRADITIONAL
P002716,D012,WHOLESALE
P002717,D012,SMALL_SUPERMARKET
P002718,D012,SMALL_SUPERMARKET
P002719,D012,LARGE_SUPERMARKET
P002720,D012,TRADITIONAL
P002721,D012,WHOLESALE
P002722,D012,LARGE_SUPERMARKET
P002723,D012,SMALL_SUPERMARKET
P002724,D012,CASH_AND_CARRY
P002725,D012,HYPERMARKET
P002726,D013,TRADITIONAL
P002727,D013,SMALL_SUPERMARKET
P002728,D013,SMALL_SUPERMARKET
P002729,D013,SMALL_SUPERMARKET
P002730,D013,LARGE_SUPERMARKET
P002731,D013,TRADITIONAL
P002732,D013,TRADITIONAL
P002733,D013,TRADITIONAL
P002734,D013,LARGE_SUPERMARKET
P002735,D013,WHOLESALE
P002736,D013,LARGE_SUPERMARKET
P002737,D013,TRADITIONAL
P002738,D013,SMALL_SUPERMARKET
P002739,D013,WHOLESALE
P002740,D013,LARGE_SUPERMARKET
P002741,D013,LARGE_SUPERMARKET
P002742,D013,TRADITIONAL
P002743,D013,HYPERMARKET
P002744,D013,LARGE_SUPERMARKET
P002745,D013,TRADITIONAL
P002746,D013,WHOLESALE
P002747,D013,LARGE_SUPERMARKET
P002748,D013,CASH_AND_CARRY
P002749,D013,WHOLESALE
P002750,D013,CASH_AND_CARRY
P002751,D013,TRADITIONAL
P002752,D013,TRADITIONAL
P002753,D013,TRADITIONAL
P002754,D013,TRADITIONAL
P002755,D013,PHARMACY
P002756,D013,LARGE_SUPERMARKET
P002757,D013,SMALL_SUPERMARKET
P002758,D013,HYPERMARKET
P002759,D013,PHARMACY
P002760,D013,SMALL_SUPERMARKET
P002761,D013,TRADITIONAL
P002762,D013,WHOLESALE
P002763,D013,PHARMACY
P002764,D013,LARGE_SUPERMARKET
P002765,D013,WHOLESALE
P002766,D013,CASH_AND_CARRY
P002767,D013,HYPERMARKET
P002768,D013,TRADITIONAL
P002769,D013,SMALL_SUPERMARKET
P002770,D013,TRADITIONAL
P002771,D013,TRADITIONAL
P002772,D013,SMALL_SUPERMARKET
P002773,D013,LARGE_SUPERMARKET
P002774,D013,LARGE_SUPERMARKET
P002775,D013,LARGE_SUPERMARKET
P002776,D013,TRADITIONAL
P002777,D013,SMALL_SUPERMARKET
P002778,D013,LARGE_SUPERMARKET
P002779,D013,TRADITIONAL
P002780,D013,TRADITIONAL
P002781,D013,TRADITIONAL
P002782,D013,PHARMACY
P002783,D013,SMALL_SUPERMARKET
P002784,D013,WHOLESALE
P002785,D013,HYPERMARKET
P002786,D013,TRADITIONAL
P002787,D013,PHARMACY
P002788,D013,WHOLESALE
P002789,D013,TRADITIONAL
P002790,D013,TRADITIONAL
P002791,D013,SMALL_SUPERMARKET
P002792,D013,TRADITIONAL
P002793,D013,TRADITIONAL
P002794,D013,PHARMACY
P002795,D013,TRADITIONAL
P002796,D013,HYPERMARKET
P002797,D013,TRADITIONAL
P002798,D013,LARGE_SUPERMARKET
P002799,D013,SMALL_SUPERMARKET
P002800,D013,SMALL_SUPERMARKET
P002801,D013,TRADITIONAL
P002802,D013,LARGE_SUPERMARKET
P002803,D013,LARGE_SUPERMARKET
P002804,D013,HYPERMARKET
P002805,D013,CASH_AND_CARRY
P002806,D013,TRADITIONAL
P002807,D013,HYPERMARKET
P002808,D013,HYPERMARKET
P002809,D013,TRADITIONAL
P002810,D013,SMALL_SUPERMARKET
P002811,D013,TRADITIONAL
P002812,D013,SMALL_SUPERMARKET
P002813,D013,PHARMACY
P002814,D013,SMALL_SUPERMARKET
P002815,D013,TRADITIONAL
P002816,D013,HYPERMARKET
P002817,D013,PHARMACY
P002818,D013,PHARMACY
P002819,D013,TRADITIONAL
P002820,D013,SMALL_SUPERMARKET
P002821,D013,LARGE_SUPERMARKET
P002822,D013,WHOLESALE
P002823,D013,TRADITIONAL
P002824,D013,LARGE_SUPERMARKET
P002825,D013,SMALL_SUPERMARKET
P002826,D013,SMALL_SUPERMARKET
P002827,D013,WHOLESALE
P002828,D013,TRADITIONAL
P002829,D013,TRADITIONAL
P002830,D013,TRADITIONAL
P002831,D013,SMALL_SUPERMARKET
P002832,D013,SMALL_SUPERMARKET
P002833,D013,HYPERMARKET
P002834,D013,WHOLESALE
P002835,D013,SMALL_SUPERMARKET
P002836,D013,SMALL_SUPERMARKET
P002837,D013,SMALL_SUPERMARKET
P002838,D013,LARGE_SUPERMARKET
P002839,D013,TRADITIONAL
P002840,D013,SMALL_SUPERMARKET
P002841,D013,HYPERMARKET
P002842,D013,TRADITIONAL
P002843,D013,SMALL_SUPERMARKET
P002844,D013,SMALL_SUPERMARKET
P002845,D013,SMALL_SUPERMARKET
P002846,D013,WHOLESALE
P002847,D013,SMALL_SUPERMARKET
P002848,D013,TRADITIONAL
P002849,D013,PHARMACY
P002850,D013,TRADITIONAL
P002851,D013,SMALL_SUPERMARKET
P002852,D013,TRADITIONAL
P002853,D013,SMALL_SUPERMARKET
P002854,D013,SMALL_SUPERMARKET
P002855,D013,TRADITIONAL
P002856,D013,SMALL_SUPERMARKET
P002857,D013,LARGE_SUPERMARKET
P002858,D013,SMALL_SUPERMARKET
P002859,D013,LARGE_SUPERMARKET
P002860,D013,SMALL_SUPERMARKET
P002861,D013,TRADITIONAL
P002862,D013,PHARMACY
P002863,D013,HYPERMARKET
P002864,D013,TRADITIONAL
P002865,D013,SMALL_SUPERMARKET
P002866,D013,HYPERMARKET
P002867,D013,SMALL_SUPERMARKET
P002868,D013,LARGE_SUPERMARKET
P002869,D013,LARGE_SUPERMARKET
P002870,D013,SMALL_SUPERMARKET
P002871,D013,SMALL_SUPERMARKET
P002872,D013,TRADITIONAL
P002873,D013,HYPERMARKET
P002874,D013,LARGE_SUPERMARKET
P002875,D013,LARGE_SUPERMARKET
P002876,D013,TRADITIONAL
P002877,D013,SMALL_SUPERMARKET
P002878,D013,TRADITIONAL
P002879,D013,LARGE_SUPERMARKET
P002880,D013,HYPERMARKET
P002881,D013,PHARMACY
P002882,D013,LARGE_SUPERMARKET
P002883,D013,LARGE_SUPERMARKET
P002884,D013,LARGE_SUPERMARKET
P002885,D013,PHARMACY
P002886,D013,TRADITIONAL
P002887,D013,TRADITIONAL
P002888,D013,PHARMACY
P002889,D013,LARGE_SUPERMARKET
P002890,D013,PHARMACY
P002891,D013,LARGE_SUPERMARKET
P002892,D013,TRADITIONAL
P002893,D013,SMALL_SUPERMARKET
P002894,D013,SMALL_SUPERMARKET
P002895,D013,PHARMACY
P002896,D013,LARGE_SUPERMARKET
P002897,D013,PHARMACY
P002898,D013,SMALL_SUPERMARKET
P002899,D013,TRADITIONAL
P002900,D013,PHARMACY
P002901,D013,HYPERMARKET
P002902,D013,PHARMACY
P002903,D013,TRADITIONAL
P002904,D013,TRADITIONAL
P002905,D013,LARGE_SUPERMARKET
P002906,D013,TRADITIONAL
P002907,D013,TRADITIONAL
P002908,D013,SMALL_SUPERMARKET
P002909,D013,LARGE_SUPERMARKET
P002910,D013,SMALL_SUPERMARKET
P002911,D013,CASH_AND_CARRY
P002912,D013,HYPERMARKET
P002913,D013,TRADITIONAL
P002914,D013,PHARMACY
P002915,D013,HYPERMARKET
P002916,D013,LARGE_SUPERMARKET
P002917,D013,TRADITIONAL
P002918,D013,HYPERMARKET
P002919,D013,TRADITIONAL
P002920,D013,TRADITIONAL
P002921,D013,TRADITIONAL
P002922,D013,SMALL_SUPERMARKET
P002923,D013,TRADITIONAL
P002924,D013,TRADITIONAL
P002925,D013,LARGE_SUPERMARKET
P002926,D013,TRADITIONAL
P002927,D013,CASH_AND_CARRY
P002928,D013,TRADITIONAL
P002929,D013,SMALL_SUPERMARKET
P002930,D013,SMALL_SUPERMARKET
P002931,D013,LARGE_SUPERMARKET
P002932,D013,SMALL_SUPERMARKET
P002933,D013,HYPERMARKET
P002934,D013,PHARMACY
P002935,D013,LARGE_SUPERMARKET
P002936,D013,WHOLESALE
P002937,D013,LARGE_SUPERMARKET
P002938,D013,SMALL_SUPERMARKET
P002939,D013,SMALL_SUPERMARKET
P002940,D013,SMALL_SUPERMARKET
P002941,D013,WHOLESALE
P002942,D013,PHARMACY
P002943,D013,CASH_AND_CARRY
P002944,D013,LARGE_SUPERMARKET
P002945,D013,TRADITIONAL
P002946,D013,LARGE_SUPERMARKET
P002947,D013,PHARMACY
P002948,D013,TRADITIONAL
P002949,D013,SMALL_SUPERMARKET
P002950,D013,LARGE_SUPERMARKET
P002951,D013,HYPERMARKET
P002952,D013,SMALL_SUPERMARKET
P002953,D013,PHARMACY
P002954,D013,WHOLESALE
P002955,D013,PHARMACY
P002956,D013,LARGE_SUPERMARKET
P002957,D013,TRADITIONAL
P002958,D013,SMALL_SUPERMARKET
P002959,D013,TRADITIONAL
P002960,D013,SMALL_SUPERMARKET
P002961,D013,SMALL_SUPERMARKET
P002962,D013,TRADITIONAL
P002963,D013,LARGE_SUPERMARKET
P002964,D013,SMALL_SUPERMARKET
P002965,D013,TRADITIONAL
P002966,D013,LARGE_SUPERMARKET
P002967,D013,PHARMACY
P002968,D013,TRADITIONAL
P002969,D013,WHOLESALE
P002970,D013,TRADITIONAL
P002971,D013,TRADITIONAL
P002972,D013,TRADITIONAL
P002973,D013,CASH_AND_CARRY
P002974,D013,TRADITIONAL
P002975,D013,SMALL_SUPERMARKET
P002976,D013,LARGE_SUPERMARKET
P002977,D013,TRADITIONAL
P002978,D013,HYPERMARKET
P002979,D013,SMALL_SUPERMARKET
P002980,D013,HYPERMARKET
P002981,D013,TRADITIONAL
P002982,D013,LARGE_SUPERMARKET
P002983,D013,TRADITIONAL
P002984,D013,WHOLESALE
P002985,D013,WHOLESALE
P002986,D013,SMALL_SUPERMARKET
P002987,D013,TRADITIONAL
P002988,D013,TRADITIONAL
P002989,D013,SMALL_SUPERMARKET
P002990,D013,TRADITIONAL
P002991,D013,LARGE_SUPERMARKET
P002992,D013,PHARMACY
P002993,D013,LARGE_SUPERMARKET
P002994,D013,WHOLESALE
P002995,D013,TRADITIONAL
P002996,D013,SMALL_SUPERMARKET
P002997,D013,TRADITIONAL
P002998,D013,LARGE_SUPERMARKET
P002999,D013,TRADITIONAL
P003000,D013,TRADITIONAL
P003001,D013,LARGE_SUPERMARKET
P003002,D013,HYPERMARKET
P003003,D013,TRADITIONAL
P003004,D013,SMALL_SUPERMARKET
P003005,D013,CASH_AND_CARRY
P003006,D013,TRADITIONAL
P003007,D013,TRADITIONAL
P003008,D013,SMALL_SUPERMARKET
P003009,D013,TRADITIONAL
P003010,D013,PHARMACY
P003011,D013,LARGE_SUPERMARKET
P003012,D013,SMALL_SUPERMARKET
P003013,D013,SMALL_SUPERMARKET
P003014,D013,SMALL_SUPERMARKET
P003015,D013,TRADITIONAL
P003016,D013,SMALL_SUPERMARKET
P003017,D013,TRADITIONAL
P003018,D013,SMALL_SUPERMARKET
P003019,D013,LARGE_SUPERMARKET
P003020,D014,SMALL_SUPERMARKET
P003021,D014,CASH_AND_CARRY
P003022,D014,TRADITIONAL
P003023,D014,SMALL_SUPERMARKET
P003024,D014,WHOLESALE
P003025,D014,HYPERMARKET
P003026,D014,SMALL_SUPERMARKET
P003027,D014,SMALL_SUPERMARKET
P003028,D014,PHARMACY
P003029,D014,TRADITIONAL
P003030,D014,TRADITIONAL
P003031,D014,HYPERMARKET
P003032,D014,LARGE_SUPERMARKET
P003033,D014,TRADITIONAL
P003034,D014,SMALL_SUPERMARKET
P003035,D014,PHARMACY
P003036,D014,TRADITIONAL
P003037,D014,SMALL_SUPERMARKET
P003038,D014,TRADITIONAL
P003039,D014,PHARMACY
P003040,D014,SMALL_SUPERMARKET
P003041,D014,TRADITIONAL
P003042,D014,PHARMACY
P003043,D014,SMALL_SUPERMARKET
P003044,D014,CASH_AND_CARRY
P003045,D014,LARGE_SUPERMARKET
P003046,D014,TRADITIONAL
P003047,D014,WHOLESALE
P003048,D014,TRADITIONAL
P003049,D014,TRADITIONAL
P003050,D014,TRADITIONAL
P003051,D014,LARGE_SUPERMARKET
P003052,D014,LARGE_SUPERMARKET
P003053,D014,SMALL_SUPERMARKET
P003054,D014,TRADITIONAL
P003055,D014,SMALL_SUPERMARKET
P003056,D014,SMALL_SUPERMARKET
P003057,D014,CASH_AND_CARRY
P003058,D014,SMALL_SUPERMARKET
P003059,D014,SMALL_SUPERMARKET
P003060,D014,SMALL_SUPERMARKET
P003061,D014,LARGE_SUPERMARKET
P003062,D014,TRADITIONAL
P003063,D014,SMALL_SUPERMARKET
P003064,D014,HYPERMARKET
P003065,D014,PHARMACY
P003066,D014,WHOLESALE
P003067,D014,TRADITIONAL
P003068,D014,CASH_AND_CARRY
P003069,D014,PHARMACY
P003070,D014,SMALL_SUPERMARKET
P003071,D014,TRADITIONAL
P003072,D014,TRADITIONAL
P003073,D014,SMALL_SUPERMARKET
P003074,D014,LARGE_SUPERMARKET
P003075,D014,LARGE_SUPERMARKET
P003076,D014,TRADITIONAL
P003077,D014,WHOLESALE
P003078,D014,TRADITIONAL
P003079,D014,SMALL_SUPERMARKET
P003080,D014,LARGE_SUPERMARKET
P003081,D014,SMALL_SUPERMARKET
P003082,D014,TRADITIONAL
P003083,D014,PHARMACY
P003084,D014,CASH_AND_CARRY
P003085,D014,PHARMACY
P003086,D014,CASH_AND_CARRY
P003087,D014,PHARMACY
P003088,D014,SMALL_SUPERMARKET
P003089,D014,HYPERMARKET
P003090,D014,LARGE_SUPERMARKET
P003091,D014,SMALL_SUPERMARKET
P003092,D014,SMALL_SUPERMARKET
P003093,D014,LARGE_SUPERMARKET
P003094,D014,PHARMACY
P003095,D014,LARGE_SUPERMARKET
P003096,D014,PHARMACY
P003097,D014,TRADITIONAL
P003098,D014,TRADITIONAL
P003099,D014,TRADITIONAL
P003100,D014,SMALL_SUPERMARKET
P003101,D014,TRADITIONAL
P003102,D014,LARGE_SUPERMARKET
P003103,D014,PHARMACY
P003104,D014,SMALL_SUPERMARKET
P003105,D014,SMALL_SUPERMARKET
P003106,D014,TRADITIONAL
P003107,D014,TRADITIONAL
P003108,D014,SMALL_SUPERMARKET
P003109,D014,TRADITIONAL
P003110,D014,LARGE_SUPERMARKET
P003111,D014,TRADITIONAL
P003112,D014,SMALL_SUPERMARKET
P003113,D014,SMALL_SUPERMARKET
P003114,D014,LARGE_SUPERMARKET
P003115,D014,SMALL_SUPERMARKET
P003116,D014,SMALL_SUPERMARKET
P003117,D014,SMALL_SUPERMARKET
P003118,D014,LARGE_SUPERMARKET
P003119,D014,LARGE_SUPERMARKET
P003120,D014,TRADITIONAL
P003121,D014,LARGE_SUPERMARKET
P003122,D014,TRADITIONAL
P003123,D014,PHARMACY
P003124,D014,SMALL_SUPERMARKET
P003125,D014,PHARMACY
P003126,D014,LARGE_SUPERMARKET
P003127,D014,HYPERMARKET
P003128,D014,TRADITIONAL
P003129,D014,TRADITIONAL
P003130,D014,WHOLESALE
P003131,D014,HYPERMARKET
P003132,D014,TRADITIONAL
P003133,D014,SMALL_SUPERMARKET
P003134,D014,SMALL_SUPERMARKET
P003135,D014,LARGE_SUPERMARKET
P003136,D014,PHARMACY
P003137,D014,HYPERMARKET
P003138,D014,WHOLESALE
P003139,D014,TRADITIONAL
P003140,D014,TRADITIONAL
P003141,D014,TRADITIONAL
P003142,D014,CASH_AND_CARRY
P003143,D014,LARGE_SUPERMARKET
P003144,D014,HYPERMARKET
P003145,D014,TRADITIONAL
P003146,D014,SMALL_SUPERMARKET
P003147,D014,LARGE_SUPERMARKET
P003148,D014,LARGE_SUPERMARKET
P003149,D014,SMALL_SUPERMARKET
P003150,D014,HYPERMARKET
P003151,D014,HYPERMARKET
P003152,D014,PHARMACY
P003153,D014,SMALL_SUPERMARKET
P003154,D014,PHARMACY
P003155,D014,PHARMACY
P003156,D014,LARGE_SUPERMARKET
P003157,D014,TRADITIONAL
P003158,D014,TRADITIONAL
P003159,D014,TRADITIONAL
P003160,D014,LARGE_SUPERMARKET
P003161,D014,LARGE_SUPERMARKET
P003162,D014,HYPERMARKET
P003163,D014,TRADITIONAL
P003164,D014,PHARMACY
P003165,D014,TRADITIONAL
P003166,D014,TRADITIONAL
P003167,D015,TRADITIONAL
P003168,D015,HYPERMARKET
P003169,D015,CASH_AND_CARRY
P003170,D015,SMALL_SUPERMARKET
P003171,D015,HYPERMARKET
P003172,D015,TRADITIONAL
P003173,D015,PHARMACY
P003174,D015,SMALL_SUPERMARKET
P003175,D015,TRADITIONAL
P003176,D015,LARGE_SUPERMARKET
P003177,D015,HYPERMARKET
P003178,D015,LARGE_SUPERMARKET
P003179,D015,TRADITIONAL
P003180,D015,CASH_AND_CARRY
P003181,D015,LARGE_SUPERMARKET
P003182,D015,SMALL_SUPERMARKET
P003183,D015,LARGE_SUPERMARKET
P003184,D015,HYPERMARKET
P003185,D015,TRADITIONAL
P003186,D015,TRADITIONAL
P003187,D015,TRADITIONAL
P003188,D015,SMALL_SUPERMARKET
P003189,D015,TRADITIONAL
P003190,D015,LARGE_SUPERMARKET
P003191,D015,LARGE_SUPERMARKET
P003192,D015,PHARMACY
P003193,D015,TRADITIONAL
P003194,D015,PHARMACY
P003195,D015,PHARMACY
P003196,D015,TRADITIONAL
P003197,D015,PHARMACY
P003198,D015,SMALL_SUPERMARKET
P003199,D015,HYPERMARKET
P003200,D015,HYPERMARKET
P003201,D015,LARGE_SUPERMARKET
P003202,D015,LARGE_SUPERMARKET
P003203,D015,SMALL_SUPERMARKET
P003204,D015,TRADITIONAL
P003205,D015,WHOLESALE
P003206,D015,TRADITIONAL
P003207,D015,LARGE_SUPERMARKET
P003208,D015,TRADITIONAL
P003209,D015,SMALL_SUPERMARKET
P003210,D015,HYPERMARKET
P003211,D015,SMALL_SUPERMARKET
P003212,D015,SMALL_SUPERMARKET
P003213,D015,SMALL_SUPERMARKET
P003214,D015,WHOLESALE
P003215,D015,TRADITIONAL
P003216,D015,TRADITIONAL
P003217,D015,LARGE_SUPERMARKET
P003218,D015,WHOLESALE
P003219,D015,TRADITIONAL
P003220,D015,LARGE_SUPERMARKET
P003221,D015,TRADITIONAL
P003222,D015,TRADITIONAL
P003223,D015,SMALL_SUPERMARKET
P003224,D015,LARGE_SUPERMARKET
P003225,D015,TRADITIONAL
P003226,D015,LARGE_SUPERMARKET
P003227,D015,LARGE_SUPERMARKET
P003228,D015,LARGE_SUPERMARKET
P003229,D015,PHARMACY
P003230,D015,SMALL_SUPERMARKET
P003231,D015,SMALL_SUPERMARKET
P003232,D015,SMALL_SUPERMARKET
P003233,D015,CASH_AND_CARRY
P003234,D015,TRADITIONAL
P003235,D015,PHARMACY
P003236,D015,SMALL_SUPERMARKET
P003237,D015,LARGE_SUPERMARKET
P003238,D015,TRADITIONAL
P003239,D015,SMALL_SUPERMARKET
P003240,D015,WHOLESALE
P003241,D015,CASH_AND_CARRY
P003242,D015,SMALL_SUPERMARKET
P003243,D015,PHARMACY
P003244,D015,TRADITIONAL
P003245,D015,SMALL_SUPERMARKET
P003246,D015,TRADITIONAL
P003247,D015,HYPERMARKET
P003248,D015,WHOLESALE
P003249,D015,LARGE_SUPERMARKET
P003250,D015,SMALL_SUPERMARKET
P003251,D015,TRADITIONAL
P003252,D015,HYPERMARKET
P003253,D015,HYPERMARKET
P003254,D015,TRADITIONAL
P003255,D015,HYPERMARKET
P003256,D015,SMALL_SUPERMARKET
P003257,D015,SMALL_SUPERMARKET
P003258,D015,LARGE_SUPERMARKET
P003259,D015,LARGE_SUPERMARKET
P003260,D015,TRADITIONAL
P003261,D015,PHARMACY
P003262,D015,LARGE_SUPERMARKET
P003263,D015,PHARMACY
P003264,D015,TRADITIONAL
P003265,D015,TRADITIONAL
P003266,D015,TRADITIONAL
P003267,D015,TRADITIONAL
P003268,D015,WHOLESALE
P003269,D015,TRADITIONAL
P003270,D015,TRADITIONAL
P003271,D015,SMALL_SUPERMARKET
P003272,D015,LARGE_SUPERMARKET
P003273,D015,TRADITIONAL
P003274,D015,HYPERMARKET
P003275,D015,SMALL_SUPERMARKET
P003276,D015,LARGE_SUPERMARKET
P003277,D015,LARGE_SUPERMARKET
P003278,D015,TRADITIONAL
P003279,D015,TRADITIONAL
P003280,D015,SMALL_SUPERMARKET
P003281,D015,LARGE_SUPERMARKET
P003282,D015,SMALL_SUPERMARKET
P003283,D015,SMALL_SUPERMARKET
P003284,D015,TRADITIONAL
P003285,D015,TRADITIONAL
P003286,D015,TRADITIONAL
P003287,D015,TRADITIONAL
P003288,D015,PHARMACY
P003289,D015,TRADITIONAL
P003290,D015,TRADITIONAL
P003291,D015,SMALL_SUPERMARKET
P003292,D015,HYPERMARKET
P003293,D015,PHARMACY
P003294,D015,SMALL_SUPERMARKET
P003295,D015,SMALL_SUPERMARKET
P003296,D015,PHARMACY
P003297,D015,TRADITIONAL
P003298,D015,HYPERMARKET
P003299,D015,HYPERMARKET
P003300,D015,HYPERMARKET
P003301,D015,TRADITIONAL
P003302,D015,HYPERMARKET
P003303,D015,PHARMACY
P003304,D015,PHARMACY
P003305,D015,TRADITIONAL
P003306,D015,TRADITIONAL
P003307,D015,SMALL_SUPERMARKET
P003308,D015,HYPERMARKET
P003309,D015,TRADITIONAL
P003310,D015,LARGE_SUPERMARKET
P003311,D015,LARGE_SUPERMARKET
P003312,D015,SMALL_SUPERMARKET
P003313,D015,HYPERMARKET
P003314,D015,SMALL_SUPERMARKET
P003315,D015,TRADITIONAL
P003316,D015,WHOLESALE
P003317,D015,TRADITIONAL
P003318,D015,WHOLESALE
P003319,D015,SMALL_SUPERMARKET
P003320,D015,WHOLESALE
P003321,D015,TRADITIONAL
P003322,D015,LARGE_SUPERMARKET
P003323,D015,PHARMACY
P003324,D015,SMALL_SUPERMARKET
P003325,D015,HYPERMARKET
P003326,D015,SMALL_SUPERMARKET
P003327,D015,SMALL_SUPERMARKET
P003328,D015,SMALL_SUPERMARKET
P003329,D015,TRADITIONAL
P003330,D015,CASH_AND_CARRY
P003331,D015,SMALL_SUPERMARKET
P003332,D015,TRADITIONAL
P003333,D015,SMALL_SUPERMARKET
P003334,D015,WHOLESALE
P003335,D015,LARGE_SUPERMARKET
P003336,D015,LARGE_SUPERMARKET
P003337,D015,TRADITIONAL
P003338,D015,TRADITIONAL
P003339,D015,WHOLESALE
P003340,D015,TRADITIONAL
P003341,D015,TRADITIONAL
P003342,D015,SMALL_SUPERMARKET
P003343,D015,HYPERMARKET
P003344,D015,LARGE_SUPERMARKET
P003345,D015,HYPERMARKET
P003346,D015,SMALL_SUPERMARKET
P003347,D015,TRADITIONAL
P003348,D015,SMALL_SUPERMARKET
P003349,D015,TRADITIONAL
P003350,D015,TRADITIONAL
P003351,D015,TRADITIONAL
P003352,D015,TRADITIONAL
P003353,D015,SMALL_SUPERMARKET
P003354,D015,SMALL_SUPERMARKET
P003355,D015,TRADITIONAL
P003356,D015,TRADITIONAL
P003357,D015,SMALL_SUPERMARKET
P003358,D015,SMALL_SUPERMARKET
P003359,D015,TRADITIONAL
P003360,D015,TRADITIONAL
P003361,D015,LARGE_SUPERMARKET
P003362,D015,SMALL_SUPERMARKET
P003363,D015,CASH_AND_CARRY
P003364,D015,HYPERMARKET
P003365,D015,CASH_AND_CARRY
P003366,D015,LARGE_SUPERMARKET
P003367,D015,TRADITIONAL
P003368,D015,SMALL_SUPERMARKET
P003369,D015,HYPERMARKET
P003370,D015,PHARMACY
P003371,D015,SMALL_SUPERMARKET
P003372,D015,PHARMACY
P003373,D015,SMALL_SUPERMARKET
P003374,D015,CASH_AND_CARRY
P003375,D015,PHARMACY
P003376,D015,TRADITIONAL
P003377,D015,LARGE_SUPERMARKET
P003378,D015,TRADITIONAL
P003379,D015,TRADITIONAL
P003380,D015,PHARMACY
P003381,D015,SMALL_SUPERMARKET
P003382,D015,SMALL_SUPERMARKET
P003383,D015,LARGE_SUPERMARKET
P003384,D015,TRADITIONAL
P003385,D015,PHARMACY
P003386,D015,HYPERMARKET
P003387,D015,TRADITIONAL
P003388,D015,PHARMACY
P003389,D015,HYPERMARKET
P003390,D015,LARGE_SUPERMARKET
P003391,D015,TRADITIONAL
P003392,D015,TRADITIONAL
P003393,D015,HYPERMARKET
P003394,D015,WHOLESALE
P003395,D015,TRADITIONAL
P003396,D015,PHARMACY
P003397,D015,CASH_AND_CARRY
P003398,D015,WHOLESALE
P003399,D015,TRADITIONAL
P003400,D015,SMALL_SUPERMARKET
P003401,D015,TRADITIONAL
P003402,D015,LARGE_SUPERMARKET
P003403,D015,TRADITIONAL
P003404,D015,LARGE_SUPERMARKET
P003405,D015,TRADITIONAL
P003406,D015,HYPERMARKET
P003407,D015,SMALL_SUPERMARKET
